Time, HInput, VInput, Distance
0, 0.4250759, 0.1, 108.57
0.02, 0.4250759, 0.1, 108.5695
0.02490345, 0.4250759, 0.1, 108.5695
0.03042738, 0.4250759, 0.1, 108.5695
0.04687466, 0.4250759, 0.1, 108.5688
0.0634752, 0.4250759, 0.1, 108.5679
0.08025114, 0.4250759, 0.1, 108.5667
0.09682317, 0.4250759, 0.1, 108.5667
0.1136362, 0.4250759, 0.1, 108.5653
0.1304505, 0.4250759, 0.1, 108.5636
0.1469735, 0.4250759, 0.1, 108.5617
0.1637954, 0.4250759, 0.1, 108.5596
0.1801507, 0.4250759, 0.1, 108.5573
0.1969162, 0.4250759, 0.1, 108.5573
0.2136244, 0.4250759, 0.1, 108.5548
0.2302238, 0.4250759, 0.1, 108.5521
0.2467871, 0.4250759, 0.1, 108.5491
0.2634191, 0.4250759, 0.1, 108.546
0.2800579, 0.4250759, 0.1, 108.5426
0.2967243, 0.4250759, 0.1, 108.5426
0.3135154, 0.4250759, 0.1, 108.5391
0.3303303, 0.4250759, 0.1, 108.5354
0.3469942, 0.4250759, 0.1, 108.5315
0.3636954, 0.4250759, 0.1, 108.5275
0.380494, 0.4250759, 0.1, 108.5233
0.3970697, 0.4250759, 0.1, 108.5233
0.4134123, 0.4250759, 0.1, 108.5189
0.43036, 0.4250759, 0.1, 108.5144
0.4469583, 0.4250759, 0.1, 108.5098
0.4636193, 0.4250759, 0.1, 108.505
0.4801507, 0.4250759, 0.1, 108.5002
0.4968385, 0.4250759, 0.1, 108.5002
0.5134797, 0.4250759, 0.1, 108.4952
0.5302276, 0.4250759, 0.1, 108.4902
0.5469442, 0.4250759, 0.1, 108.485
0.5635344, 0.4250759, 0.1, 108.4799
0.5802955, 0.4250759, 0.1, 108.4746
0.5967741, 0.4250759, 0.1, 108.4746
0.6145952, 0.4250759, 0.1, 108.4693
0.6313026, 0.4250759, 0.1, 108.464
0.6481046, 0.4250759, 0.1, 108.4587
0.6647396, 0.4250759, 0.1, 108.4533
0.6812826, 0.4250759, 0.1, 108.448
0.6980481, 0.4250759, 0.1, 108.448
0.7148513, 0.4250759, 0.1, 108.4427
0.7313876, 0.4250759, 0.1, 108.4375
0.7480225, 0.4250759, 0.1, 108.4323
0.7649446, 0.4250759, 0.1, 108.4272
0.7814918, 0.4250759, 0.1, 108.4222
0.7980511, 0.4250759, 0.1, 108.4222
0.8146123, 0.4250759, 0.1, 108.4173
0.8313948, 0.4250759, 0.1, 108.4125
0.848011, 0.4250759, 0.1, 108.4079
0.8647094, 0.4250759, 0.1, 108.4035
0.8813967, 0.4250759, 0.1, 108.3992
0.8982413, 0.4250759, 0.1, 108.3992
0.9147845, 0.4256235, 0.1, 108.4021
0.9315245, 0.4267247, 0.1, 108.4117
0.9481591, 0.4283983, 0.1, 108.4276
0.964766, 0.4306326, 0.1, 108.4481
0.9813131, 0.4324107, 0.1, 108.4675
0.9981249, 0.4324107, 0.1, 108.4675
1.015, 0.4341648, 0.1, 108.4874
1.031361, 0.436123, 0.1, 108.5078
1.048168, 0.4379673, 0.1, 108.5288
1.064991, 0.4399623, 0.1, 108.5501
1.081345, 0.442022, 0.1, 108.5718
1.098072, 0.442022, 0.1, 108.5718
1.114774, 0.4440092, 0.1, 108.5938
1.131587, 0.4460352, 0.1, 108.616
1.148116, 0.4480835, 0.1, 108.6389
1.164802, 0.4501925, 0.1, 108.6619
1.181533, 0.4523956, 0.1, 108.6853
1.197961, 0.4523956, 0.1, 108.6853
1.214523, 0.4546663, 0.1, 108.7091
1.231459, 0.456969, 0.1, 108.7332
1.24823, 0.4593354, 0.1, 108.7577
1.264815, 0.4617042, 0.1, 108.7825
1.281712, 0.4641594, 0.1, 108.8078
1.298338, 0.4641594, 0.1, 108.8078
1.315028, 0.4665399, 0.1, 108.8334
1.33162, 0.4690504, 0.1, 108.8593
1.348526, 0.471682, 0.1, 108.8858
1.365057, 0.4742349, 0.1, 108.9124
1.381789, 0.4766179, 0.1, 108.9396
1.398442, 0.4766179, 0.1, 108.9396
1.415092, 0.4792489, 0.1, 108.9671
1.431843, 0.4819123, 0.1, 108.995
1.448437, 0.4846324, 0.1, 109.0233
1.464294, 0.4873748, 0.1, 109.052
1.481001, 0.4901834, 0.1, 109.0811
1.49799, 0.4901834, 0.1, 109.0811
1.514609, 0.4930176, 0.1, 109.1107
1.531763, 0.4958853, 0.1, 109.1406
1.54824, 0.4988162, 0.1, 109.171
1.564581, 0.5017705, 0.1, 109.2018
1.581521, 0.5048028, 0.1, 109.2329
1.598119, 0.5048028, 0.1, 109.2329
1.614684, 0.5078577, 0.1, 109.2644
1.631456, 0.5109715, 0.1, 109.2964
1.648284, 0.5141322, 0.1, 109.3289
1.665296, 0.5173704, 0.1, 109.3617
1.681906, 0.520716, 0.1, 109.395
1.698604, 0.520716, 0.1, 109.395
1.714995, 0.524061, 0.1, 109.4286
1.731461, 0.5275748, 0.1, 109.4627
1.748057, 0.5310522, 0.1, 109.4972
1.764793, 0.5346657, 0.1, 109.5321
1.782, 0.5382358, 0.1, 109.5673
1.79849, 0.5382358, 0.1, 109.5673
1.81522, 0.541985, 0.1, 109.603
1.831525, 0.5456333, 0.1, 109.6389
1.848063, 0.5494662, 0.1, 109.6754
1.864843, 0.5532171, 0.1, 109.712
1.881406, 0.5571476, 0.1, 109.7493
1.897914, 0.5571476, 0.1, 109.7493
1.914663, 0.5609751, 0.1, 109.7868
1.931657, 0.5649293, 0.1, 109.8249
1.948065, 0.5688487, 0.1, 109.8631
1.964561, 0.5728714, 0.1, 109.9021
1.981324, 0.5768995, 0.1, 109.941
1.997893, 0.5768995, 0.1, 109.941
2.014823, 0.5810085, 0.1, 109.9807
2.0314, 0.5851375, 0.1, 110.0204
2.048144, 0.589326, 0.1, 110.0608
2.064533, 0.5935614, 0.1, 110.1012
2.081298, 0.5978441, 0.1, 110.1423
2.097937, 0.5978441, 0.1, 110.1423
2.1145, 0.6021796, 0.1, 110.1834
2.131407, 0.6065484, 0.1, 110.2253
2.148038, 0.6109828, 0.1, 110.2671
2.16458, 0.6154368, 0.1, 110.3095
2.181411, 0.6199682, 0.1, 110.3521
2.197806, 0.6199682, 0.1, 110.3521
2.214459, 0.6245049, 0.1, 110.3953
2.231216, 0.6291317, 0.1, 110.4386
2.247885, 0.6337509, 0.1, 110.4824
2.264617, 0.6384677, 0.1, 110.5264
2.281828, 0.6431736, 0.1, 110.5708
2.298368, 0.6431736, 0.1, 110.5708
2.314683, 0.6479759, 0.1, 110.6155
2.331403, 0.6527689, 0.1, 110.6605
2.348129, 0.6576529, 0.1, 110.7058
2.364557, 0.662531, 0.1, 110.7515
2.381456, 0.6674938, 0.1, 110.7974
2.398346, 0.6674938, 0.1, 110.7974
2.414578, 0.6724545, 0.1, 110.8437
2.431482, 0.6774932, 0.1, 110.8901
2.448358, 0.682534, 0.1, 110.937
2.464887, 0.6878083, 0.1, 110.984
2.481656, 0.6929266, 0.1, 111.0315
2.498512, 0.6929266, 0.1, 111.0315
2.51502, 0.6980974, 0.1, 111.0791
2.531989, 0.7032923, 0.1, 111.1271
2.548073, 0.7085317, 0.1, 111.1752
2.56373, 0.7137966, 0.1, 111.2237
2.580394, 0.7191438, 0.1, 111.2724
2.597163, 0.7191438, 0.1, 111.2724
2.613813, 0.7244267, 0.1, 111.3212
2.630188, 0.7298223, 0.1, 111.3704
2.648311, 0.7352007, 0.1, 111.4198
2.665188, 0.7406029, 0.1, 111.4694
2.681604, 0.7460271, 0.1, 111.5191
2.698203, 0.7460271, 0.1, 111.5191
2.714793, 0.7514716, 0.1, 111.5691
2.731445, 0.7569344, 0.1, 111.6192
2.74807, 0.7624133, 0.1, 111.6696
2.764912, 0.76814, 0.1, 111.7201
2.780383, 0.7736433, 0.1, 111.7708
2.796943, 0.7736433, 0.1, 111.7708
2.813405, 0.7791565, 0.1, 111.8216
2.830398, 0.7846774, 0.1, 111.8726
2.846951, 0.7902035, 0.1, 111.9236
2.863877, 0.7957322, 0.1, 111.9748
2.880054, 0.8012607, 0.1, 112.0261
2.89677, 0.8012607, 0.1, 112.0261
2.91387, 0, 0, 0
2.930912, 0, 0, 0
2.947028, 0, 0, 0
2.963665, 0, 0, 0
2.980504, 0, 0, 0
2.998126, 0, 0, 0
3.014411, 0, 0, 0
3.031319, 0, 0.05072339, 0
3.047585, 0, 0.09952058, 0
3.064343, 0, 0.1497963, 0
3.081074, 0, 0.1999896, 0
3.097721, 0, 0.2499278, 0
3.114296, 0, 0.2996549, 0
3.131126, 0, 0.3501437, 0
3.147817, 0, 0.400217, 0
3.164427, 0, 0.4500458, 0
3.181776, 0, 0.502093, 0
3.198277, 0, 0.5515971, 0
3.214927, 0, 0.6015471, 0
3.231945, 0, 0.6526012, 0
3.248084, 0, 0.7010175, 0
3.264517, 0, 0.7503166, 0
3.281332, 0, 0.8007619, 0
3.298257, 0, 0.8515373, 0
3.314692, 0, 0.9008421, 0
3.331786, 0, 0.9521252, 0
3.348424, 0, 1, 0
3.3647, 0, 1, 0
3.382078, 0, 1, 0
3.398983, 0, 1, 0
3.415059, 0, 1, 0
3.431555, 0, 1, 0
3.448058, 0, 1, 0
3.464605, 0, 1, 0
3.481187, 0, 1, 0
3.497751, 0, 1, 0
3.514373, 0, 1, 0
3.531147, 0, 1, 0
3.547964, 0, 1, 0
3.56463, 0, 1, 0
3.581377, 0, 1, 0
3.597983, 0, 1, 0
3.614555, 0, 1, 0
3.631254, 0, 1, 0
3.647974, 0, 1, 0
3.664413, 0, 1, 0
3.681257, 0, 1, 0
3.697798, 0, 1, 0
3.714664, 0, 1, 0
3.731173, 0, 1, 0
3.747863, 0, 1, 0
3.764582, 0, 1, 0
3.780968, 0, 1, 0
3.797946, 0, 1, 0
3.814276, 0, 1, 0
3.831206, 0, 1, 0
3.847937, 0, 1, 0
3.864564, 0, 1, 0
3.881079, 0, 1, 0
3.897698, 0, 1, 0
3.914364, 0, 1, 0
3.93118, 0, 1, 0
3.94788, 0, 1, 0
3.96469, 0, 1, 0
3.981141, 0, 1, 0
3.997981, 0, 1, 0
4.014478, 0, 1, 0
4.03136, -0.05064651, 1, 0
4.047938, -0.1003818, 1, 0
4.064854, -0.1511293, 1, 0
4.08109, -0.1998391, 1, 0
4.0978, -0.2499679, 1, 0
4.114489, -0.3000347, 1, 0
4.131242, -0.3502943, 1, 0
4.147882, -0.4002143, 1, 0
4.164456, -0.4499371, 1, 0
4.181232, -0.5002636, 1, 0
4.198132, -0.4495656, 1, 0
4.214598, -0.4001666, 1, 0
4.230979, -0.3510227, 1, 0
4.247676, -0.3009303, 1, 0
4.264372, -0.2508442, 1, 0
4.280991, -0.2009861, 1, 0
4.297648, -0.1510166, 1, 0
4.314288, -0.1010967, 1, 0
4.331231, -0.05026795, 1, 0
4.34781, -0.0005284287, 1, 0
4.36443, 0, 1, 0
4.38102, 0, 1, 0
4.397663, 0, 1, 0
4.414394, 0, 1, 0
4.430806, 0, 1, 0
4.447691, 0, 1, 0
4.463479, 0, 1, 0
4.480103, 0, 1, 0
4.496744, 0, 1, 0
4.513494, 0, 1, 0
4.530273, 0, 1, 0
4.546683, 0, 1, 0
4.563539, 0, 1, 0
4.580234, 0, 1, 0
4.596653, 0, 1, 0
4.614723, 0, 1, 0
4.631354, 0, 1, 0
4.648031, 0, 1, 0
4.664042, 0, 1, 0
4.680816, 0, 1, 0
4.697653, 0, 1, 0
4.714287, 0, 1, 0
4.731111, 0, 1, 0
4.747786, 0, 1, 0
4.764354, 0, 1, 0
4.781068, 0, 1, 0
4.797691, 0, 1, 0
4.814526, 0, 1, 0
4.831179, 0, 1, 0
4.847643, 0, 1, 0
4.864245, 0, 1, 0
4.880853, 0, 1, 0
4.897834, 0, 1, 0
4.914483, 0, 1, 0
4.931487, 0.05101091, 1, 0
4.947646, 0.09949002, 1, 0
4.964265, 0.1493457, 1, 0
4.981218, 0.2002052, 1, 0
4.997669, 0.2495571, 1, 0
5.01433, 0.2995412, 1, 0
5.031143, 0.3499793, 1, 0
5.047445, 0.398887, 1, 0
5.064324, 0.4495237, 1, 0
5.080858, 0.4991245, 1, 0
5.097637, 0.5494617, 1, 0
5.113952, 0.5984071, 1, 0
5.130685, 0.6486053, 1, 0
5.147182, 0.6980954, 1, 0
5.163779, 0.7478871, 1, 0
5.180441, 0.7978732, 1, 0
5.197122, 0.8479168, 1, 0
5.213732, 0.8977455, 1, 0
5.230148, 0.9469941, 1, 0
5.24676, 0.9968309, 1, 0
5.263408, 1, 1, 0
5.280087, 1, 1, 0
5.296777, 1, 1, 0
5.313368, 1, 1, 0
5.330126, 1, 1, 0
5.346757, 1, 1, 0
5.363426, 1, 1, 0
5.380081, 1, 1, 0
5.396721, 1, 1, 0
5.413188, 1, 1, 0
5.430199, 1, 1, 0
5.446781, 1, 1, 0
5.46352, 1, 1, 0
5.480204, 1, 1, 0
5.496768, 1, 1, 0
5.513419, 1, 1, 0
5.530004, 1, 1, 0
5.546919, 1, 1, 0
5.563399, 1, 1, 0
5.579976, 1, 1, 0
5.596604, 1, 1, 0
5.613326, 1, 1, 0
5.629944, 1, 1, 0
5.646543, 1, 1, 0
5.663326, 1, 1, 0
5.680049, 1, 1, 0
5.69679, 1, 1, 0
5.713437, 1, 1, 0
5.729987, 1, 1, 0
5.746789, 1, 1, 0
5.763503, 1, 1, 0
5.779986, 1, 1, 0
5.797072, 0, 1, 0
5.813346, -0.04882199, 1, 0
5.830077, -0.09901266, 1, 0
5.84676, -0.1490639, 1, 0
5.863314, -0.1987235, 1, 0
5.879921, -0.2485458, 1, 0
5.896792, -0.2991598, 1, 0
5.913361, -0.3488647, 1, 0
5.929965, -0.3986778, 1, 0
5.948252, -0.4535384, 1, 0
5.964186, -0.5013388, 1, 0
5.980214, -0.5494248, 1, 0
5.996643, -0.5987116, 1, 0
6.013292, -0.6486599, 1, 0
6.030028, -0.698866, 1, 0
6.046703, -0.7488926, 1, 0
6.063395, -0.7989659, 1, 0
6.080656, -0.850749, 1, 0
6.097065, -0.8999788, 1, 0
6.113678, -0.9498177, 1, 0
6.130197, -0.9993728, 1, 0
6.146959, -1, 1, 0
6.16367, -1, 1, 0
6.18031, -1, 1, 0
6.196923, -1, 1, 0
6.213665, -1, 1, 0
6.230421, -1, 1, 0
6.247052, -1, 1, 0
6.263773, -1, 1, 0
6.280478, -1, 1, 0
6.297075, -1, 1, 0
6.313766, -1, 1, 0
6.330447, -1, 1, 0
6.347095, -1, 1, 0
6.363652, -1, 1, 0
6.380493, -1, 1, 0
6.397039, -1, 1, 0
6.414394, -1, 1, 0
6.430962, -1, 1, 0
6.44762, -1, 1, 0
6.46489, -1, 1, 0
6.480792, -1, 1, 0
6.497765, -1, 1, 0
6.514191, -1, 1, 0
6.530906, -1, 1, 0
6.547594, -1, 1, 0
6.564485, -1, 1, 0
6.581255, -1, 1, 0
6.597686, -1, 1, 0
6.614283, -1, 1, 0
6.6311, -1, 1, 0
6.647575, -1, 1, 0
6.664464, -1, 1, 0
6.681217, -1, 1, 0
6.697558, -1, 1, 0
6.714302, -1, 1, 0
6.731102, -1, 1, 0
6.747824, -1, 1, 0
6.764395, -1, 1, 0
6.781147, -1, 1, 0
6.797779, -1, 1, 0
6.815135, -1, 1, 0
6.831493, -1, 1, 0
6.848186, -1, 1, 0
6.864761, -1, 1, 0
6.881625, -1, 1, 0
6.898018, -1, 1, 0
6.91464, -1, 1, 0
6.931382, -1, 1, 0
6.948035, -1, 1, 0
6.96459, -1, 1, 0
6.98123, -1, 1, 0
6.997825, -1, 1, 0
7.014228, -1, 1, 0
7.031215, -1, 1, 0
7.047701, -1, 1, 0
7.064309, -1, 1, 0
7.081217, -1, 1, 0
7.097885, -1, 1, 0
7.114504, -1, 1, 0
7.131279, -1, 1, 0
7.147779, -1, 1, 0
7.164606, -1, 1, 0
7.181606, -1, 1, 0
7.198198, -1, 1, 0
7.214621, -1, 1, 0
7.231026, -1, 1, 0
7.247726, -1, 1, 0
7.264359, -1, 1, 0
7.281048, -1, 1, 0
7.297677, -0.9501131, 1, 0
7.314516, -0.8995975, 1, 0
7.331275, -0.8493202, 1, 0
7.347879, -0.799506, 1, 0
7.364233, -0.7504463, 1, 0
7.38104, -0.7000259, 1, 0
7.397917, -0.6493927, 1, 0
7.414476, -0.5997151, 1, 0
7.431188, -0.5495812, 1, 0
7.447987, -0.4991842, 1, 0
7.464681, -0.449102, 1, 0
7.48104, -0.4000255, 1, 0
7.497912, -0.3494083, 1, 0
7.514376, -0.3000173, 1, 0
7.531075, -0.2499193, 1, 0
7.547583, -0.2003963, 1, 0
7.564431, -0.1498509, 1, 0
7.580801, -0.1007412, 1, 0
7.597818, -0.04969157, 1, 0
7.614721, 0, 1, 0
7.631408, 0, 1, 0
7.648129, 0, 1, 0
7.664949, 0, 1, 0
7.681562, 0, 1, 0
7.698245, 0, 1, 0
7.714891, 0, 1, 0
7.731504, 0, 1, 0
7.748315, 0, 1, 0
7.76507, 0, 1, 0
7.781656, 0, 1, 0
7.797775, 0, 1, 0
7.814235, 0, 1, 0
7.831398, 0, 1, 0
7.847962, 0, 1, 0
7.864344, 0, 1, 0
7.8812, 0, 1, 0
7.897753, 0, 1, 0
7.914389, 0, 1, 0
7.931329, -0.05081911, 1, 0
7.947862, -0.1004192, 1, 0
7.9644, -0.150031, 1, 0
7.980937, -0.1996449, 1, 0
7.997954, -0.2506942, 1, 0
8.014218, -0.2994857, 1, 0
8.031164, -0.3503238, 1, 0
8.047704, -0.3999438, 1, 0
8.064332, -0.4498272, 1, 0
8.081038, -0.4999451, 1, 0
8.098211, -0.5514648, 1, 0
8.11482, -0.601294, 1, 0
8.131624, -0.6517036, 1, 0
8.148693, -0.7029101, 1, 0
8.165266, -0.7526299, 1, 0
8.181575, -0.801556, 1, 0
8.198087, -0.8510934, 1, 0
8.214741, -0.9010546, 1, 0
8.231899, -0.9525313, 1, 0
8.248558, -1, 1, 0
8.265138, -1, 1, 0
8.282016, -1, 1, 0
8.298281, -1, 1, 0
8.314663, -0.9508517, 1, 0
8.332034, -0.8987378, 1, 0
8.348974, -0.847917, 1, 0
8.365612, -0.7980036, 1, 0
8.3823, -0.7479402, 1, 0
8.399013, -0.6978028, 1, 0
8.414787, -0.6504782, 1, 0
8.432043, -0.5987126, 1, 0
8.448058, -0.5506659, 1, 0
8.465211, -0.499208, 1, 0
8.481397, -0.4506504, 1, 0
8.497839, -0.4013227, 1, 0
8.514997, -0.3498511, 1, 0
8.532681, -0.296795, 1, 0
8.548565, -0.2491473, 1, 0
8.565202, -0.199235, 1, 0
8.581514, -0.1502983, 1, 0
8.597918, -0.1010873, 1, 0
8.614182, -0.05229746, 1, 0
8.632125, 0, 1, 0
8.649133, 0, 1, 0
8.665709, 0, 1, 0
8.682591, 0, 1, 0
8.699189, 0, 1, 0
8.715262, 0, 1, 0
8.732574, 0, 1, 0
8.74925, 0, 1, 0
8.765745, 0, 1, 0
8.782581, 0, 1, 0
8.799141, 0, 1, 0
8.815269, 0, 1, 0
8.831846, 0, 1, 0
8.848255, 0, 1, 0
8.864952, 0, 1, 0
8.882077, 0, 1, 0
8.898948, 0, 1, 0
8.915395, 0, 1, 0
8.931452, 0, 1, 0
8.948647, 0, 1, 0
8.965362, 0, 1, 0
8.982386, 0, 1, 0
8.99872, 0, 1, 0
9.014934, 0, 1, 0
9.031688, 0, 1, 0
9.048267, 0, 1, 0
9.065104, 0, 1, 0
9.082056, 0, 1, 0
9.098722, 0, 1, 0
9.115041, 0, 1, 0
9.131584, 0, 1, 0
9.148404, 0, 1, 0
9.164982, 0, 1, 0
9.181363, 0, 1, 0
9.198586, 0, 1, 0
9.215281, 0, 1, 0
9.231752, 0, 1, 0
9.248381, 0, 1, 0
9.26471, 0, 1, 0
9.281415, 0, 1, 0
9.298763, 0, 1, 0
9.31531, 0, 1, 0
9.331738, 0, 1, 0
9.348777, 0, 1, 0
9.364727, 0, 1, 0
9.381438, 0, 1, 0
9.398165, 0, 1, 0
9.414927, 0, 1, 0
9.431487, 0, 1, 0
9.44812, 0, 1, 0
9.464933, 0, 1, 0
9.481494, 0, 1, 0
9.498069, 0, 1, 0
9.514821, 0, 1, 0
9.531653, 0, 1, 0
9.548288, 0, 1, 0
9.565336, 0, 1, 0
9.581865, 0, 1, 0
9.598304, 0, 1, 0
9.614764, 0, 1, 0
9.631163, 0, 1, 0
9.648308, 0, 1, 0
9.664362, 0, 1, 0
9.681452, 0, 1, 0
9.698117, 0, 1, 0
9.714837, 0, 1, 0
9.731849, 0, 1, 0
9.748093, 0, 1, 0
9.765149, 0, 1, 0
9.781088, 0, 1, 0
9.797837, 0, 1, 0
9.814463, 0, 1, 0
9.831421, 0, 1, 0
9.848051, 0, 1, 0
9.864696, 0, 1, 0
9.881887, 0, 1, 0
9.898672, 0, 1, 0
9.915307, 0, 1, 0
9.93187, 0, 1, 0
9.948674, 0, 1, 0
9.965138, 0, 1, 0
9.981884, 0, 1, 0
9.998731, 0, 1, 0
10.01522, 0, 1, 0
10.03172, 0, 1, 0
10.04867, 0, 1, 0
10.0651, 0, 1, 0
10.08175, 0, 1, 0
10.09841, 0, 1, 0
10.11525, 0, 1, 0
10.13176, 0, 1, 0
10.14858, 0, 1, 0
10.16512, 0, 1, 0
10.18202, 0, 1, 0
10.19856, 0, 1, 0
10.21516, 0, 1, 0
10.2319, 0, 1, 0
10.24881, 0, 1, 0
10.26529, 0, 1, 0
10.28174, 0, 1, 0
10.29858, 0, 1, 0
10.31513, 0, 1, 0
10.33182, 0, 1, 0
10.3487, 0, 1, 0
10.3653, 0, 1, 0
10.38195, 0, 1, 0
10.39852, 0, 1, 0
10.41524, 0, 1, 0
10.43184, 0, 1, 0
10.44847, 0, 1, 0
10.46509, 0, 1, 0
10.48196, 0, 1, 0
10.49861, 0, 1, 0
10.51535, 0, 1, 0
10.53133, 0, 1, 0
10.54779, 0, 1, 0
10.56526, 0, 1, 0
10.58069, 0, 1, 0
10.59717, 0, 1, 0
10.61387, 0, 1, 0
10.63062, 0, 1, 0
10.64708, 0, 1, 0
10.66421, 0, 1, 0
10.68143, 0, 1, 0
10.69784, 0, 1, 0
10.71371, 0, 1, 0
10.73098, 0, 1, 0
10.74702, 0, 1, 0
10.7636, 0, 1, 0
10.78097, 0, 1, 0
10.79739, 0, 1, 0
10.81351, 0, 1, 0
10.83037, 0, 1, 0
10.84698, 0, 1, 0
10.86437, 0, 1, 0
10.88061, 0, 1, 0
10.89709, 0, 1, 0
10.91458, 0, 1, 0
10.9309, 0, 1, 0
10.94763, 0, 1, 0
10.96382, 0, 1, 0
10.98051, 0, 1, 0
10.99724, 0, 1, 0
11.01456, 0, 1, 0
11.03076, 0, 1, 0
11.04736, 0, 1, 0
11.06392, 0, 1, 0
11.08063, 0, 1, 0
11.09706, 0, 1, 0
11.1137, 0, 1, 0
11.13052, 0, 1, 0
11.1472, 0, 1, 0
11.16408, 0, 1, 0
11.18049, 0, 1, 0
11.19724, 0, 1, 0
11.2137, 0, 1, 0
11.2304, 0, 1, 0
11.24679, 0, 1, 0
11.26358, 0, 1, 0
11.28037, 0, 1, 0
11.29692, 0, 1, 0
11.31359, 0, 1, 0
11.33061, 0, 1, 0
11.34691, 0, 1, 0
11.36339, 0, 1, 0
11.3801, 0, 1, 0
11.39686, 0, 1, 0
11.41348, 0, 1, 0
11.43022, 0, 1, 0
11.44693, 0, 1, 0
11.4636, 0, 1, 0
11.4801, 0, 1, 0
11.49684, 0, 1, 0
11.51374, 0, 1, 0
11.53032, 0, 1, 0
11.54695, 0, 1, 0
11.56389, 0, 1, 0
11.58039, 0, 1, 0
11.59719, 0, 1, 0
11.61374, 0, 1, 0
11.63035, 0, 1, 0
11.64703, 0, 1, 0
11.66347, 0, 1, 0
11.68025, 0, 1, 0
11.6969, 0, 1, 0
11.71369, 0, 1, 0
11.73032, 0, 1, 0
11.74705, 0, 1, 0
11.76385, 0, 1, 0
11.78038, 0, 1, 0
11.79679, 0, 1, 0
11.81338, 0, 1, 0
11.82989, 0, 1, 0
11.84669, 0, 1, 0
11.86338, 0, 1, 0
11.88055, 0, 1, 0
11.89681, 0, 1, 0
11.91347, 0, 1, 0
11.9301, 0, 1, 0
11.94671, 0, 1, 0
11.96333, 0, 1, 0
11.98065, 0, 1, 0
11.99712, 0, 1, 0
12.01345, 0, 1, 0
12.03021, 0, 1, 0
12.04692, 0, 1, 0
12.06344, 0, 1, 0
12.08014, 0, 1, 0
12.09691, 0, 1, 0
12.11338, 0, 1, 0
12.13028, 0, 1, 0
12.14692, 0, 1, 0
12.16348, 0, 1, 0
12.18009, 0, 1, 0
12.19675, 0, 1, 0
12.21352, 0, 1, 0
12.23009, 0, 1, 0
12.24677, 0, 1, 0
12.26335, 0, 1, 0
12.28025, 0, 1, 0
12.29685, 0, 1, 0
12.31364, 0, 1, 0
12.33033, 0, 1, 0
12.34697, 0, 1, 0
12.36352, 0, 1, 0
12.38025, 0, 1, 0
12.39668, 0, 1, 0
12.41341, 0, 1, 0
12.43038, 0, 1, 0
12.44697, 0, 1, 0
12.46348, 0, 1, 0
12.4801, 0, 1, 0
12.49679, 0, 1, 0
12.51364, 0, 1, 0
12.5301, 0, 1, 0
12.54704, 0, 1, 0
12.56367, 0, 1, 0
12.58015, 0, 1, 0
12.59667, 0, 1, 0
12.61407, 0, 1, 0
12.63026, 0, 1, 0
12.64704, 0, 1, 0
12.66341, 0, 1, 0
12.68012, 0, 1, 0
12.69692, -0.05039253, 1, 0
12.71361, -0.1004632, 1, 0
12.73022, -0.1502895, 1, 0
12.74727, -0.2014343, 1, 0
12.76398, -0.2515769, 1, 0
12.78032, -0.3006019, 1, 0
12.79753, -0.3522376, 1, 0
12.81359, -0.4004041, 1, 0
12.83026, -0.450421, 1, 0
12.84706, -0.5008098, 1, 0
12.86428, -0.449132, 1, 0
12.88028, -0.4011548, 1, 0
12.89684, -0.3514571, 1, 0
12.91353, -0.301394, 1, 0
12.93017, -0.2514882, 1, 0
12.94691, -0.201259, 1, 0
12.96364, -0.1510579, 1, 0
12.98035, -0.1009337, 1, 0
12.99687, -0.05137604, 1, 0
13.01379, -0.0006082319, 1, 0
13.03026, 0, 1, 0
13.04691, 0, 1, 0
13.06376, 0, 1, 0
13.08019, 0, 1, 0
13.09678, 0, 1, 0
13.11353, -0.05024168, 1, 0
13.13028, -0.1004916, 1, 0
13.14698, -0.1506034, 1, 0
13.16365, -0.2006219, 1, 0
13.18004, -0.2497749, 1, 0
13.19699, -0.3006264, 1, 0
13.21335, -0.3497052, 1, 0
13.23003, -0.399758, 1, 0
13.24701, -0.4506821, 1, 0
13.26362, -0.500517, 1, 0
13.2802, -0.5502733, 1, 0
13.29715, -0.6011213, 1, 0
13.31367, -0.6506632, 1, 0
13.3304, -0.7008611, 1, 0
13.34699, -0.7506278, 1, 0
13.36372, -0.8008183, 1, 0
13.3805, -0.8511482, 1, 0
13.39721, -0.9012797, 1, 0
13.4139, -0.9513536, 1, 0
13.43047, -1, 1, 0
13.44718, -1, 1, 0
13.46419, -1, 1, 0
13.48038, -1, 1, 0
13.49709, -1, 1, 0
13.51363, -1, 1, 0
13.53037, -1, 1, 0
13.54713, -1, 1, 0
13.56378, -1, 1, 0
13.58056, -1, 1, 0
13.59729, -1, 1, 0
13.61387, -1, 1, 0
13.63043, -1, 1, 0
13.64741, -0.9490443, 1, 0
13.66393, -0.8995023, 1, 0
13.68057, -0.8495772, 1, 0
13.69721, 0, 1, 0
13.71364, 0.04929351, 1, 0
13.7307, 0.100463, 1, 0
13.74739, 0.1505324, 1, 0
13.76425, 0.2011078, 1, 0
13.78082, 0.2508365, 1, 0
13.79731, 0.3002891, 1, 0
13.81428, 0.3511988, 1, 0
13.83085, 0.4009041, 1, 0
13.84761, 0.4512005, 1, 0
13.86425, 0.5011255, 1, 0
13.88102, 0.5514176, 1, 0
13.89732, 0.6003082, 1, 0
13.91388, 0.650009, 1, 0
13.9306, 0.7001652, 1, 0
13.94712, 0.749711, 1, 0
13.96375, 0.7995999, 1, 0
13.98047, 0.8497863, 1, 0
13.99714, 0.8997903, 1, 0
14.01427, 0.9511826, 1, 0
14.03063, 1, 1, 0
14.04761, 1, 1, 0
14.06434, 1, 1, 0
14.08074, 1, 1, 0
14.0973, 1, 1, 0
14.11395, 1, 1, 0
14.1307, 1, 1, 0
14.1472, 1, 1, 0
14.16395, 1, 1, 0
14.18049, 1, 1, 0
14.19807, 1, 1, 0
14.21404, 1, 1, 0
14.23079, 1, 1, 0
14.24727, 1, 1, 0
14.2637, 0.9506955, 1, 0
14.28034, 0.9007782, 1, 0
14.29709, 0.8505378, 1, 0
14.31378, 0.8004612, 1, 0
14.33046, 0.7504311, 1, 0
14.34724, 0, 1, 0
14.36392, -0.05002957, 1, 0
14.3806, -0.1000809, 1, 0
14.39731, -0.1501852, 1, 0
14.41381, -0.1996999, 1, 0
14.43051, -0.249795, 1, 0
14.44684, -0.298783, 1, 0
14.4637, -0.3493587, 1, 0
14.48056, -0.3999347, 1, 0
14.49779, -0.4516484, 1, 0
14.51393, -0.5000519, 1, 0
14.53041, -0.5494874, 1, 0
14.54696, -0.5991299, 1, 0
14.5636, -0.6490768, 1, 0
14.58042, -0.6995279, 1, 0
14.59711, -0.7495903, 1, 0
14.61414, -0.8006746, 1, 0
14.63066, -0.7510946, 1, 0
14.64736, -0.7010034, 1, 0
14.66369, -0.6520172, 1, 0
14.68035, -0.6020212, 1, 0
14.69749, -0.5506143, 1, 0
14.71367, -0.5020712, 1, 0
14.73052, -0.4515184, 1, 0
14.74708, -0.4018455, 1, 0
14.76387, -0.3514754, 1, 0
14.78057, -0.3013762, 1, 0
14.79838, -0.2479501, 1, 0
14.81388, -0.2014539, 1, 0
14.8306, -0.1512918, 1, 0
14.84739, -0.1009104, 1, 0
14.86393, -0.0512924, 1, 0
14.88064, -0.001155175, 1, 0
14.89727, 0, 1, 0
14.91395, 0, 1, 0
14.93102, 0, 1, 0
14.94735, 0, 1, 0
14.96385, 0, 1, 0
14.98037, 0, 1, 0
14.99701, 0, 1, 0
15.01379, 0, 1, 0
15.03054, 0, 1, 0
15.04729, 0, 1, 0
15.06473, 0, 1, 0
15.08147, 0, 1, 0
15.09816, 0, 1, 0
15.11467, 0, 1, 0
15.13118, 0, 1, 0
15.14799, 0, 1, 0
15.16488, 0, 1, 0
15.18171, 0, 1, 0
15.19706, 0, 1, 0
15.21336, 0, 1, 0
15.22996, 0, 1, 0
15.24677, 0, 1, 0
15.26347, 0, 1, 0
15.28002, 0, 1, 0
15.29674, 0, 1, 0
15.31472, 0, 1, 0
15.33034, 0, 1, 0
15.34695, 0, 1, 0
15.36397, 0, 1, 0
15.38076, 0, 1, 0
15.3972, 0, 1, 0
15.41452, 0, 1, 0
15.43054, 0, 1, 0
15.44709, 0, 1, 0
15.46408, 0, 1, 0
15.4806, 0, 1, 0
15.49703, 0, 1, 0
15.5136, 0, 1, 0
15.53035, 0, 1, 0
15.54702, 0, 1, 0
15.56365, 0, 1, 0
15.58031, 0, 1, 0
15.59675, 0, 1, 0
15.61434, 0, 1, 0
15.63096, 0, 1, 0
15.64719, 0, 1, 0
15.66401, 0, 1, 0
15.68151, 0, 1, 0
15.69863, 0, 1, 0
15.7148, 0, 1, 0
15.732, 0, 1, 0
15.7483, 0, 1, 0
15.76507, 0, 1, 0
15.78177, 0, 1, 0
15.79832, 0, 1, 0
15.81495, 0, 1, 0
15.83176, 0, 1, 0
15.84807, 0, 1, 0
15.86507, 0, 1, 0
15.88109, 0, 1, 0
15.89789, 0, 1, 0
15.91468, 0, 1, 0
15.93162, 0, 1, 0
15.94817, 0, 1, 0
15.96445, 0, 1, 0
15.98102, 0, 1, 0
15.99769, 0, 1, 0
16.01449, 0, 1, 0
16.03131, 0, 1, 0
16.04841, 0, 1, 0
16.06477, 0, 1, 0
16.08169, 0, 1, 0
16.09805, 0, 1, 0
16.11529, 0, 1, 0
16.13125, 0, 1, 0
16.14812, 0, 1, 0
16.16479, 0, 1, 0
16.1819, 0, 1, 0
16.19898, 0, 1, 0
16.21427, 0, 1, 0
16.23073, 0, 1, 0
16.24767, 0, 1, 0
16.26478, 0, 1, 0
16.28157, 0, 1, 0
16.29793, 0, 1, 0
16.31489, 0, 1, 0
16.33186, 0, 1, 0
16.34831, 0, 1, 0
16.36538, 0, 1, 0
16.38165, 0, 1, 0
16.39803, 0, 1, 0
16.41501, 0, 1, 0
16.43151, 0, 1, 0
16.44815, 0, 1, 0
16.46476, 0, 1, 0
16.48151, 0, 1, 0
16.49876, 0, 1, 0
16.51489, 0, 1, 0
16.5318, 0, 1, 0
16.54849, 0, 1, 0
16.56528, 0, 1, 0
16.58189, 0, 1, 0
16.59837, 0, 1, 0
16.61514, 0, 1, 0
16.63193, 0, 1, 0
16.64809, 0, 1, 0
16.66454, 0, 1, 0
16.68147, 0, 1, 0
16.6978, 0, 1, 0
16.7146, 0, 1, 0
16.7313, 0, 1, 0
16.74813, 0, 1, 0
16.76456, 0, 1, 0
16.78034, 0, 1, 0
16.79706, 0, 1, 0
16.81377, 0, 1, 0
16.83036, 0, 1, 0
16.84709, 0, 1, 0
16.86372, 0, 1, 0
16.88056, 0, 1, 0
16.89706, 0, 1, 0
16.91357, 0, 1, 0
16.9304, 0, 1, 0
16.94725, 0, 1, 0
16.96374, 0, 1, 0
16.98068, 0, 1, 0
16.99732, 0, 1, 0
17.0138, 0, 1, 0
17.03051, 0, 1, 0
17.04741, 0, 1, 0
17.06416, 0, 1, 0
17.0805, 0, 1, 0
17.09696, 0, 1, 0
17.11371, 0, 1, 0
17.13061, 0, 1, 0
17.14751, 0, 1, 0
17.16453, 0, 1, 0
17.1804, 0, 1, 0
17.1972, 0, 1, 0
17.21394, 0, 1, 0
17.23117, 0, 1, 0
17.24726, 0, 1, 0
17.26401, 0, 1, 0
17.28099, 0, 1, 0
17.29775, 0, 1, 0
17.31392, 0, 1, 0
17.33052, 0, 1, 0
17.34712, 0, 1, 0
17.36411, 0, 1, 0
17.38121, 0, 1, 0
17.39703, 0, 1, 0
17.41426, 0, 1, 0
17.43067, 0, 1, 0
17.44724, 0, 1, 0
17.46411, 0, 1, 0
17.48083, 0, 1, 0
17.49731, 0, 1, 0
17.51354, 0, 1, 0
17.53052, 0, 1, 0
17.54749, 0, 1, 0
17.56391, 0, 1, 0
17.58114, 0, 1, 0
17.59744, 0, 1, 0
17.61356, 0, 1, 0
17.63041, 0, 1, 0
17.64693, 0, 1, 0
17.66348, 0, 1, 0
17.68012, 0, 1, 0
17.69699, 0, 1, 0
17.71375, 0, 1, 0
17.73023, 0, 1, 0
17.74703, 0, 1, 0
17.76371, 0, 1, 0
17.78042, 0, 1, 0
17.7971, 0, 1, 0
17.81381, 0, 1, 0
17.83051, 0, 1, 0
17.84724, 0, 1, 0
17.86388, 0, 1, 0
17.88048, 0, 1, 0
17.89708, 0, 1, 0
17.91385, 0, 1, 0
17.93066, 0, 1, 0
17.94725, 0, 1, 0
17.96387, 0, 1, 0
17.98045, 0, 1, 0
17.99723, 0, 1, 0
18.01367, 0, 1, 0
18.03038, 0, 1, 0
18.04766, 0, 1, 0
18.0645, 0, 1, 0
18.08042, 0, 1, 0
18.09724, 0, 1, 0
18.11381, 0, 1, 0
18.13054, 0, 1, 0
18.1472, 0, 1, 0
18.16384, 0, 1, 0
18.18053, 0, 1, 0
18.19712, 0, 1, 0
18.21374, 0, 1, 0
18.23043, 0, 1, 0
18.24725, 0, 1, 0
18.26407, 0, 1, 0
18.28034, 0, 1, 0
18.29705, 0, 1, 0
18.31369, 0, 1, 0
18.33038, 0, 1, 0
18.34697, 0, 1, 0
18.36382, 0, 1, 0
18.3804, 0, 1, 0
18.39696, 0, 1, 0
18.41369, -0.05019878, 1, 0
18.43039, -0.1003094, 1, 0
18.44709, -0.1503983, 1, 0
18.46362, -0.1999944, 1, 0
18.4803, -0.2500275, 1, 0
18.49714, -0.3005452, 1, 0
18.51347, -0.3495301, 1, 0
18.53063, -0.4010231, 1, 0
18.54742, -0.4514057, 1, 0
18.56402, -0.5012042, 1, 0
18.58072, -0.55128, 1, 0
18.5971, -0.5021138, 1, 0
18.61397, -0.451515, 1, 0
18.63078, -0.4010876, 1, 0
18.64733, -0.3514468, 1, 0
18.66417, -0.3009225, 1, 0
18.68076, -0.2511364, 1, 0
18.69713, -0.2020391, 1, 0
18.71385, -0.1518703, 1, 0
18.73038, -0.1022777, 1, 0
18.74733, -0.05143493, 1, 0
18.76427, -0.0006031245, 1, 0
18.78049, 0, 1, 0
18.7974, 0, 1, 0
18.81454, 0, 1, 0
18.83075, 0, 1, 0
18.84726, 0, 1, 0
18.86407, 0, 1, 0
18.88034, 0, 1, 0
18.8974, 0, 1, 0
18.9137, 0, 1, 0
18.93046, 0, 1, 0
18.94725, 0, 1, 0
18.96408, 0, 1, 0
18.98211, 0, 1, 0
18.99764, 0, 1, 0
19.01456, 0, 1, 0
19.03052, 0, 1, 0
19.04735, 0, 1, 0
19.06468, 0, 1, 0
19.08066, 0, 1, 0
19.09749, 0, 1, 0
19.11406, 0, 1, 0
19.13087, 0, 1, 0
19.14719, 0, 1, 0
19.16399, -0.05038949, 1, 0
19.18072, -0.1005753, 1, 0
19.19746, -0.1507853, 1, 0
19.21447, -0.201823, 1, 0
19.23111, -0.2517379, 1, 0
19.24772, -0.3015903, 1, 0
19.26455, -0.3520621, 1, 0
19.28075, -0.400679, 1, 0
19.29779, -0.4517984, 1, 0
19.31425, -0.501168, 1, 0
19.33104, -0.5515313, 1, 0
19.34769, -0.6014769, 1, 0
19.37548, -0.6848438, 1, 0
19.38169, -0.7034942, 1, 0
19.39839, -0.6533908, 1, 0
19.41479, -0.6041924, 1, 0
19.43175, -0.5533298, 1, 0
19.44842, -0.503301, 1, 0
19.46499, -0.4536087, 1, 0
19.48149, -0.4041139, 1, 0
19.49827, -0.3537714, 1, 0
19.51534, -0.3025448, 1, 0
19.53157, -0.2538602, 1, 0
19.54824, -0.2038603, 1, 0
19.5647, -0.1544681, 1, 0
19.58218, -0.102025, 1, 0
19.59822, -0.05392751, 1, 0
19.61493, -0.00379885, 1, 0
19.63145, 0, 1, 0
19.64805, 0, 1, 0
19.66481, 0, 1, 0
19.68133, 0, 1, 0
19.69814, 0, 1, 0
19.71494, 0, 1, 0
19.73162, 0, 1, 0
19.74817, 0, 1, 0
19.76485, 0, 1, 0
19.78166, 0, 1, 0
19.79836, 0, 1, 0
19.81511, 0, 1, 0
19.83177, 0, 1, 0
19.84846, 0, 1, 0
19.86517, 0, 1, 0
19.88239, 0, 1, 0
19.89845, 0, 1, 0
19.9151, 0, 1, 0
19.93159, 0, 1, 0
19.94855, 0, 1, 0
19.96516, 0, 1, 0
19.98188, 0, 1, 0
19.99848, 0, 1, 0
20.01518, 0, 1, 0
20.03184, 0, 1, 0
20.04885, 0, 1, 0
20.06498, 0, 1, 0
20.08158, 0, 1, 0
20.09828, 0, 1, 0
20.11516, 0, 1, 0
20.13177, 0, 1, 0
20.14935, 0, 1, 0
20.16553, 0, 1, 0
20.18237, 0, 1, 0
20.1982, 0, 1, 0
20.21528, 0, 1, 0
20.23161, 0, 1, 0
20.24823, 0, 1, 0
20.26509, 0, 1, 0
20.28177, 0, 1, 0
20.29819, 0, 1, 0
20.3149, 0, 1, 0
20.33179, 0, 1, 0
20.34859, 0, 1, 0
20.36501, 0, 1, 0
20.38166, 0, 1, 0
20.39805, 0, 1, 0
20.41524, 0, 1, 0
20.43165, 0, 1, 0
20.44831, 0, 1, 0
20.46522, 0, 1, 0
20.4814, 0, 1, 0
20.49837, 0, 1, 0
20.51482, 0, 1, 0
20.53149, 0, 1, 0
20.54812, 0, 1, 0
20.56486, 0, 1, 0
20.58141, 0, 1, 0
20.59806, 0, 1, 0
20.6149, 0, 1, 0
20.63163, 0, 1, 0
20.64845, 0, 1, 0
20.66473, 0, 1, 0
20.6817, 0, 1, 0
20.69818, 0, 1, 0
20.71482, 0, 1, 0
20.73171, 0, 1, 0
20.74866, 0, 1, 0
20.76501, 0, 1, 0
20.78203, 0, 1, 0
20.7991, 0, 1, 0
20.81513, 0, 1, 0
20.83204, 0, 1, 0
20.84869, 0, 1, 0
20.86535, 0, 1, 0
20.88153, 0, 1, 0
20.89906, 0, 1, 0
20.91531, 0, 1, 0
20.93169, 0, 1, 0
20.94888, 0, 1, 0
20.96527, 0, 1, 0
20.98203, 0, 1, 0
20.99845, 0, 1, 0
21.01554, 0, 1, 0
21.03069, 0, 1, 0
21.0474, 0, 1, 0
21.06406, 0, 1, 0
21.08052, 0, 1, 0
21.09731, 0, 1, 0
21.11416, 0, 1, 0
21.13061, 0, 1, 0
21.14719, 0, 1, 0
21.16388, 0, 1, 0
21.18058, 0, 1, 0
21.19721, 0, 1, 0
21.21409, 0, 1, 0
21.23057, 0, 1, 0
21.24853, 0, 1, 0
21.26541, 0, 1, 0
21.28173, 0, 1, 0
21.29832, 0, 1, 0
21.31537, 0, 1, 0
21.33168, 0, 1, 0
21.34864, 0, 1, 0
21.3651, 0, 1, 0
21.38177, 0, 1, 0
21.39823, 0, 1, 0
21.4151, 0, 1, 0
21.43196, 0, 1, 0
21.44854, 0, 1, 0
21.4649, 0, 1, 0
21.48175, 0, 1, 0
21.49816, 0, 1, 0
21.51517, 0, 1, 0
21.53194, 0, 1, 0
21.54857, 0, 1, 0
21.56529, 0, 1, 0
21.58211, 0, 1, 0
21.59857, -0.04939246, 1, 0
21.61425, -0.09643341, 1, 0
21.631, -0.1466796, 1, 0
21.64715, -0.1951235, 1, 0
21.66375, -0.2449394, 1, 0
21.68051, -0.2952136, 1, 0
21.69744, -0.3460072, 1, 0
21.71379, -0.2969787, 1, 0
21.73074, -0.2461169, 1, 0
21.74685, -0.1977854, 1, 0
21.76349, -0.1478531, 1, 0
21.78036, -0.09726055, 1, 0
21.79715, -0.04687905, 1, 0
21.81397, 0, 1, 0
21.83081, 0, 1, 0
21.84714, 0, 1, 0
21.86379, 0, 1, 0
21.88081, 0, 1, 0
21.89707, 0, 1, 0
21.91363, 0, 1, 0
21.93036, 0, 1, 0
21.94707, 0, 1, 0
21.96428, 0, 1, 0
21.98046, 0, 1, 0
21.99722, 0, 1, 0
22.01394, 0, 1, 0
22.03095, 0, 1, 0
22.04703, 0, 1, 0
22.06385, 0, 1, 0
22.08024, 0, 1, 0
22.09712, 0, 1, 0
22.1138, 0, 1, 0
22.13015, 0, 1, 0
22.1472, 0, 1, 0
22.16386, 0, 1, 0
22.18067, 0, 1, 0
22.1973, 0, 1, 0
22.21414, 0, 1, 0
22.23068, 0, 1, 0
22.24704, 0, 1, 0
22.26372, 0, 1, 0
22.28071, 0, 1, 0
22.29705, 0, 1, 0
22.3138, 0, 1, 0
22.33062, 0, 1, 0
22.34752, 0, 1, 0
22.36395, 0, 1, 0
22.38052, 0, 1, 0
22.39726, 0, 1, 0
22.41416, 0, 1, 0
22.4307, 0, 1, 0
22.44739, 0, 1, 0
22.46384, 0, 1, 0
22.48058, 0, 1, 0
22.49734, 0, 1, 0
22.51401, 0, 1, 0
22.53065, 0, 1, 0
22.54749, 0, 1, 0
22.56421, 0, 1, 0
22.58034, 0, 1, 0
22.59709, 0, 1, 0
22.61379, 0, 1, 0
22.63033, 0, 1, 0
22.64725, 0, 1, 0
22.664, 0, 1, 0
22.68074, 0, 1, 0
22.69717, 0, 1, 0
22.71477, 0, 1, 0
22.73168, 0, 1, 0
22.74844, 0, 1, 0
22.76483, 0, 1, 0
22.78156, 0, 1, 0
22.79781, 0, 1, 0
22.81421, 0, 1, 0
22.83037, 0, 1, 0
22.84709, 0, 1, 0
22.86364, 0, 1, 0
22.88068, 0, 1, 0
22.89701, 0, 1, 0
22.91399, 0, 1, 0
22.93044, 0, 1, 0
22.94804, 0, 1, 0
22.96499, 0, 1, 0
22.98145, 0, 1, 0
22.99796, 0, 1, 0
23.01472, 0, 1, 0
23.03134, 0, 1, 0
23.04824, 0, 1, 0
23.06479, 0, 1, 0
23.08159, 0, 1, 0
23.09912, 0, 1, 0
23.11555, 0, 1, 0
23.13152, 0, 1, 0
23.14839, 0, 1, 0
23.16508, 0, 1, 0
23.18202, 0, 1, 0
23.1984, 0, 1, 0
23.21533, 0, 1, 0
23.2317, 0, 1, 0
23.24861, 0, 1, 0
23.26509, 0, 1, 0
23.28192, 0, 1, 0
23.29812, 0, 1, 0
23.31521, 0, 1, 0
23.33161, 0, 1, 0
23.34816, 0, 1, 0
23.36487, 0, 1, 0
23.3817, 0, 1, 0
23.39808, 0, 1, 0
23.41462, 0, 1, 0
23.43141, 0, 1, 0
23.44798, 0, 1, 0
23.46477, 0, 1, 0
23.48226, 0, 1, 0
23.49788, 0, 1, 0
23.51483, 0, 1, 0
23.53144, 0, 1, 0
23.5485, 0, 1, 0
23.56498, 0, 1, 0
23.58183, 0, 1, 0
23.59831, 0, 1, 0
23.61513, 0, 1, 0
23.63177, 0, 1, 0
23.6486, 0, 1, 0
23.66522, 0, 1, 0
23.68179, 0, 1, 0
23.69806, 0, 1, 0
23.71474, 0, 1, 0
23.73134, 0, 1, 0
23.74811, 0, 1, 0
23.76483, 0, 1, 0
23.78152, 0, 1, 0
23.79818, 0, 1, 0
23.81475, 0, 1, 0
23.83152, 0, 1, 0
23.84791, 0, 1, 0
23.86458, 0, 1, 0
23.88198, 0, 1, 0
23.89804, 0, 1, 0
23.91475, 0, 1, 0
23.93164, 0, 1, 0
23.94851, 0, 1, 0
23.96486, 0, 1, 0
23.98155, 0, 1, 0
23.99814, 0, 1, 0
24.01477, 0, 1, 0
24.03175, 0, 1, 0
24.04829, 0, 1, 0
24.06471, 0, 1, 0
24.08126, 0, 1, 0
24.09823, 0, 1, 0
24.11473, 0, 1, 0
24.13157, 0, 1, 0
24.14805, 0, 1, 0
24.16495, 0, 1, 0
24.18151, 0, 1, 0
24.198, 0, 1, 0
24.21496, 0, 1, 0
24.23158, 0, 1, 0
24.24833, 0, 1, 0
24.26492, 0, 1, 0
24.28155, 0, 1, 0
24.29793, 0, 1, 0
24.31468, 0, 1, 0
24.33144, 0, 1, 0
24.34801, 0, 1, 0
24.36564, 0, 1, 0
24.38155, 0, 1, 0
24.3981, 0, 1, 0
24.41451, 0, 1, 0
24.43128, 0, 1, 0
24.44785, 0, 1, 0
24.46354, 0, 1, 0
24.48003, 0, 1, 0
24.49684, 0, 1, 0
24.51341, 0, 1, 0
24.5302, 0, 1, 0
24.54696, 0, 1, 0
24.56343, 0, 1, 0
24.58032, 0, 1, 0
24.59694, 0, 1, 0
24.61368, 0, 1, 0
24.63041, 0, 1, 0
24.6472, 0, 1, 0
24.66386, 0, 1, 0
24.68141, 0, 1, 0
24.69821, 0, 1, 0
24.71461, 0, 1, 0
24.73061, 0, 1, 0
24.74717, 0, 1, 0
24.76389, 0, 1, 0
24.78094, 0, 1, 0
24.79752, 0, 1, 0
24.81427, 0, 1, 0
24.83069, 0, 1, 0
24.84702, 0, 1, 0
24.86387, 0, 1, 0
24.88057, 0, 1, 0
24.89701, 0, 1, 0
24.91408, 0, 1, 0
24.93154, 0, 1, 0
24.94853, 0, 1, 0
24.96411, 0, 1, 0
24.9805, 0, 1, 0
24.99688, 0, 1, 0
25.01364, 0, 1, 0
25.03024, 0, 1, 0
25.04693, 0, 1, 0
25.06362, 0, 1, 0
25.08031, 0, 1, 0
25.09697, 0, 1, 0
25.11353, 0, 1, 0
25.13021, 0, 1, 0
25.1467, 0, 1, 0
25.16364, 0, 1, 0
25.18031, 0, 1, 0
25.19673, 0, 1, 0
25.21343, 0, 1, 0
25.23026, 0, 1, 0
25.24677, 0, 1, 0
25.26336, 0, 1, 0
25.27993, 0, 1, 0
25.29665, 0, 1, 0
25.31354, 0, 1, 0
25.33016, 0, 1, 0
25.34669, 0, 1, 0
25.36337, 0, 1, 0
25.38016, 0, 1, 0
25.39678, 0, 1, 0
25.41365, 0, 1, 0
25.43022, 0, 1, 0
25.44684, 0, 1, 0
25.46348, 0, 1, 0
25.48027, 0, 1, 0
25.49711, 0, 1, 0
25.5137, 0, 1, 0
25.53027, 0, 1, 0
25.54675, 0, 1, 0
25.56342, 0, 1, 0
25.5802, 0, 1, 0
25.59695, 0, 1, 0
25.61347, 0, 1, 0
25.63159, 0, 1, 0
25.64832, 0, 1, 0
25.66443, 0, 1, 0
25.68113, 0, 1, 0
25.69817, 0, 1, 0
25.71489, 0, 1, 0
25.73182, 0, 1, 0
25.74796, 0, 1, 0
25.76502, 0, 1, 0
25.78171, 0, 1, 0
25.7979, 0, 1, 0
25.8147, 0, 1, 0
25.83158, 0, 1, 0
25.84821, 0, 1, 0
25.86477, 0, 1, 0
25.88185, 0, 1, 0
25.89828, 0, 1, 0
25.91455, 0, 1, 0
25.93129, 0, 1, 0
25.94815, 0, 1, 0
25.96479, 0, 1, 0
25.98158, 0, 1, 0
25.9981, 0, 1, 0
26.0149, 0, 1, 0
26.03167, 0, 1, 0
26.04837, -0.05011532, 1, 0
26.06472, -0.09916423, 1, 0
26.08137, -0.1491162, 1, 0
26.09793, -0.1987973, 1, 0
26.11448, -0.2484367, 1, 0
26.13136, -0.2991004, 1, 0
26.14797, -0.348912, 1, 0
26.16462, -0.3988696, 1, 0
26.18134, -0.4490217, 1, 0
26.19788, -0.4986365, 1, 0
26.21458, -0.5487597, 1, 0
26.23129, -0.4986382, 1, 0
26.2481, -0.448201, 1, 0
26.26483, -0.3980232, 1, 0
26.28179, -0.3471398, 1, 0
26.29813, -0.2981317, 1, 0
26.31492, -0.2477451, 1, 0
26.33144, -0.1981851, 1, 0
26.34819, -0.1479381, 1, 0
26.36498, -0.09756806, 1, 0
26.38168, -0.04747546, 1, 0
26.39828, 0, 1, 0
26.41488, 0, 1, 0
26.43144, 0, 1, 0
26.44832, 0, 1, 0
26.46489, 0, 1, 0
26.48109, 0, 1, 0
26.49739, 0, 1, 0
26.51436, 0, 1, 0
26.53039, 0, 1, 0
26.54786, 0, 1, 0
26.56386, 0, 1, 0
26.58057, 0, 1, 0
26.59756, 0, 1, 0
26.61357, 0, 1, 0
26.63024, 0, 1, 0
26.64704, 0, 1, 0
26.66374, 0, 1, 0
26.68052, 0, 1, 0
26.69717, 0, 1, 0
26.71375, 0, 1, 0
26.73052, 0, 1, 0
26.74718, 0, 1, 0
26.76396, 0, 1, 0
26.78138, 0, 1, 0
26.79705, 0, 1, 0
26.81349, 0, 1, 0
26.83022, 0, 1, 0
26.84682, 0, 1, 0
26.86366, 0, 1, 0
26.88045, 0, 1, 0
26.89843, 0, 1, 0
26.91417, 0, 1, 0
26.9306, 0, 1, 0
26.94795, 0, 1, 0
26.96409, 0, 1, 0
26.98037, 0, 1, 0
26.99685, 0, 1, 0
27.01434, 0, 1, 0
27.03031, 0, 1, 0
27.04749, 0, 1, 0
27.06366, 0, 1, 0
27.08085, 0, 1, 0
27.09687, 0, 1, 0
27.11405, 0, 1, 0
27.13014, 0, 1, 0
27.14749, 0, 1, 0
27.16348, 0, 1, 0
27.18033, 0, 1, 0
27.197, 0, 1, 0
27.21393, 0.05078275, 1, 0
27.23052, 0.1005647, 1, 0
27.24699, 0.1499714, 1, 0
27.26418, 0.2015212, 1, 0
27.28049, 0.2504493, 1, 0
27.29723, 0.3006765, 1, 0
27.31406, 0.2501929, 1, 0
27.33054, 0.2007275, 1, 0
27.3472, 0.1507517, 1, 0
27.3637, 0.1012599, 1, 0
27.38027, 0.05155893, 1, 0
27.39701, 0.001325104, 1, 0
27.41365, 0, 1, 0
27.43026, 0, 1, 0
27.44725, 0, 1, 0
27.46343, 0, 1, 0
27.4807, 0, 1, 0
27.49741, 0, 1, 0
27.51371, 0, 1, 0
27.53028, 0, 1, 0
27.54714, 0, 1, 0
27.56381, 0, 1, 0
27.58045, 0, 1, 0
27.59704, 0, 1, 0
27.61365, 0, 1, 0
27.63053, 0, 1, 0
27.6471, 0, 1, 0
27.66413, 0.05107676, 1, 0
27.68073, 0.1008918, 1, 0
27.69816, 0.1531741, 1, 0
27.71413, 0.2010712, 1, 0
27.73025, 0.2494346, 1, 0
27.74703, 0.2997673, 1, 0
27.76343, 0.3489882, 1, 0
27.78015, 0.3991315, 1, 0
27.79677, 0.4489978, 1, 0
27.81347, 0.4990967, 1, 0
27.8301, 0.5489954, 1, 0
27.84703, 0.5997965, 1, 0
27.86374, 0.6499257, 1, 0
27.88034, 0.6997082, 1, 0
27.89701, 0.7497276, 1, 0
27.91366, 0.7996744, 1, 0
27.93055, 0.8503471, 1, 0
27.94695, 0.8995451, 1, 0
27.96368, 0.9497313, 1, 0
27.98033, 0.9996836, 1, 0
27.99777, 1, 1, 0
28.01369, 1, 1, 0
28.0304, 1, 1, 0
28.04717, 1, 1, 0
28.06374, 1, 1, 0
28.08047, 1, 1, 0
28.09726, 1, 1, 0
28.11363, 1, 1, 0
28.13145, 1, 1, 0
28.14735, 1, 1, 0
28.16478, 1, 1, 0
28.18067, 1, 1, 0
28.19696, 1, 1, 0
28.21393, 1, 1, 0
28.23048, 0.95037, 1, 0
28.24706, 0.9006108, 1, 0
28.26369, 0.8507367, 1, 0
28.28029, 0.8009304, 1, 0
28.297, 0.7508011, 1, 0
28.31366, 0.7008075, 1, 0
28.33041, 0.6505564, 1, 0
28.34707, 0.6005944, 1, 0
28.36377, 0.5504961, 1, 0
28.38037, 0.5006707, 1, 0
28.39695, 0.4509434, 1, 0
28.41346, 0.4014258, 1, 0
28.43013, 0.3514204, 1, 0
28.44705, 0, 1, 0
28.46349, -0.04931892, 1, 0
28.48014, -0.09925546, 1, 0
28.49679, -0.1492166, 1, 0
28.51354, -0.199457, 1, 0
28.53023, -0.2495347, 1, 0
28.54693, -0.299624, 1, 0
28.56371, -0.3499736, 1, 0
28.58032, -0.3997995, 1, 0
28.59676, -0.4491244, 1, 0
28.61338, -0.4989855, 1, 0
28.63025, -0.549584, 1, 0
28.64688, -0.5994845, 1, 0
28.66361, -0.6496803, 1, 0
28.68011, -0.6991773, 1, 0
28.69685, -0.7493902, 1, 0
28.71348, -0.7992911, 1, 0
28.73021, -0.8494806, 1, 0
28.74688, -0.8994923, 1, 0
28.76346, -0.9492338, 1, 0
28.78036, -0.9999334, 1, 0
28.79684, -0.9505028, 1, 0
28.81368, -0.8999735, 1, 0
28.83009, -0.8507529, 1, 0
28.84681, -0.8005983, 1, 0
28.86361, -0.7501932, 1, 0
28.88033, -0.7000244, 1, 0
28.89697, -0.6501082, 1, 0
28.91343, -0.6007336, 1, 0
28.93024, -0.5503135, 1, 0
28.94681, -0.5006047, 1, 0
28.96368, -0.4499873, 1, 0
28.98015, -0.4005786, 1, 0
28.99682, -0.3505723, 1, 0
29.01354, -0.30041, 1, 0
29.03026, -0.2502317, 1, 0
29.04696, -0.200139, 1, 0
29.06342, -0.15076, 1, 0
29.08018, -0.1004934, 1, 0
29.09688, -0.05038173, 1, 0
29.11364, -0.0001146011, 1, 0
29.13046, 0, 1, 0
29.14698, 0, 1, 0
29.16348, 0, 1, 0
29.18026, 0, 1, 0
29.19695, 0, 1, 0
29.21358, 0, 1, 0
29.23044, 0, 1, 0
29.24705, 0, 1, 0
29.26375, 0, 1, 0
29.28031, 0, 1, 0
29.29697, 0, 1, 0
29.3136, 0, 1, 0
29.33042, 0, 1, 0
29.34703, 0, 1, 0
29.36367, 0, 1, 0
29.38037, 0, 1, 0
29.39698, 0, 1, 0
29.41382, -0.05051877, 1, 0
29.43049, -0.1005278, 1, 0
29.44707, -0.1502693, 1, 0
29.46365, -0.2000028, 1, 0
29.48046, -0.2504352, 1, 0
29.49707, -0.3002784, 1, 0
29.51367, -0.3500559, 1, 0
29.53031, -0.3999971, 1, 0
29.54702, -0.4501179, 1, 0
29.56353, -0.4996441, 1, 0
29.58026, -0.4494607, 1, 0
29.59681, -0.3998099, 1, 0
29.61342, -0.3499822, 1, 0
29.63032, -0.2992871, 1, 0
29.64695, -0.2493919, 1, 0
29.66356, -0.1995626, 1, 0
29.68041, -0.149015, 1, 0
29.69696, -0.09935114, 1, 0
29.71365, -0.04929807, 1, 0
29.73022, 0, 1, 0
29.74693, 0, 1, 0
29.76348, 0, 1, 0
29.77999, 0, 1, 0
29.79679, 0, 1, 0
29.81343, 0, 1, 0
29.83022, 0, 1, 0
29.847, 0, 1, 0
29.8637, 0, 1, 0
29.88028, 0, 1, 0
29.89706, 0, 1, 0
29.91364, 0, 1, 0
29.93029, 0, 1, 0
29.94695, 0, 1, 0
29.96368, 0, 1, 0
29.9802, 0, 1, 0
29.99684, 0, 1, 0
30.01367, 0, 1, 0
30.0303, 0, 1, 0
30.04698, 0, 1, 0
30.06368, 0, 1, 0
30.08043, 0, 1, 0
30.09789, 0, 1, 0
30.1141, 0, 1, 0
30.13031, 0, 1, 0
30.14689, 0, 1, 0
30.16386, 0, 1, 0
30.18024, 0, 1, 0
30.19806, 0, 1, 0
30.21361, 0, 1, 0
30.23022, 0, 1, 0
30.24684, 0, 1, 0
30.26356, 0, 1, 0
30.28019, 0, 1, 0
30.29691, 0, 1, 0
30.31363, 0, 1, 0
30.33027, 0, 1, 0
30.34695, 0, 1, 0
30.36367, 0, 1, 0
30.38028, 0, 1, 0
30.3969, 0, 1, 0
30.41374, 0, 1, 0
30.43032, 0, 1, 0
30.44688, 0, 1, 0
30.46356, 0, 1, 0
30.48013, 0, 1, 0
30.49696, 0, 1, 0
30.5136, 0, 1, 0
30.5304, 0, 1, 0
30.54697, 0, 1, 0
30.56358, 0, 1, 0
30.58034, 0, 1, 0
30.59692, 0, 1, 0
30.61354, 0, 1, 0
30.63028, 0, 1, 0
30.64709, 0, 1, 0
30.66364, 0, 1, 0
30.68049, 0, 1, 0
30.69694, 0, 1, 0
30.71363, 0, 1, 0
30.73023, 0, 1, 0
30.74708, 0, 1, 0
30.76362, 0, 1, 0
30.78029, 0, 1, 0
30.79692, 0, 1, 0
30.81355, 0, 1, 0
30.83039, 0, 1, 0
30.84696, 0, 1, 0
30.86355, 0, 1, 0
30.88026, 0, 1, 0
30.89697, 0, 1, 0
30.91374, 0, 1, 0
30.93047, 0, 1, 0
30.94698, 0, 1, 0
30.96369, 0, 1, 0
30.98032, 0, 1, 0
30.99685, 0, 1, 0
31.01356, 0, 1, 0
31.03046, 0, 1, 0
31.04694, 0, 1, 0
31.06364, 0, 1, 0
31.08052, 0, 1, 0
31.09696, 0, 1, 0
31.11359, 0, 1, 0
31.13037, 0, 1, 0
31.14697, 0, 1, 0
31.16381, 0, 1, 0
31.18018, 0, 1, 0
31.19676, 0, 1, 0
31.21365, 0, 1, 0
31.23038, 0, 1, 0
31.24693, 0, 1, 0
31.26361, 0, 1, 0
31.28022, 0, 1, 0
31.29695, 0, 1, 0
31.31349, 0, 1, 0
31.33045, 0, 1, 0
31.34703, 0, 1, 0
31.36361, 0, 1, 0
31.38031, 0, 1, 0
31.39695, 0, 1, 0
31.41361, 0, 1, 0
31.43012, 0, 1, 0
31.44685, 0, 1, 0
31.46369, 0, 1, 0
31.48201, 0, 1, 0
31.49824, 0, 1, 0
31.51503, 0, 1, 0
31.53174, 0, 1, 0
31.54835, 0, 1, 0
31.56479, 0, 1, 0
31.58141, 0, 1, 0
31.59797, 0, 1, 0
31.61454, 0, 1, 0
31.63141, 0, 1, 0
31.64695, 0, 1, 0
31.66351, 0, 1, 0
31.68033, 0, 1, 0
31.69688, 0, 1, 0
31.71371, 0, 1, 0
31.73028, 0, 1, 0
31.74693, 0, 1, 0
31.76454, 0, 1, 0
31.78036, 0, 1, 0
31.79721, 0, 1, 0
31.81359, 0, 1, 0
31.83018, 0, 1, 0
31.847, 0, 1, 0
31.86357, 0, 1, 0
31.88029, 0, 1, 0
31.89675, 0, 1, 0
31.91354, 0, 1, 0
31.93022, 0, 1, 0
31.94701, 0, 1, 0
31.96356, 0, 1, 0
31.98015, 0, 1, 0
31.99696, 0, 1, 0
32.01389, 0, 1, 0
32.03028, 0, 1, 0
32.04688, 0, 1, 0
32.06351, 0, 1, 0
32.0801, 0, 1, 0
32.09693, 0, 1, 0
32.11359, 0, 1, 0
32.13032, 0, 1, 0
32.14696, 0, 1, 0
32.16371, 0, 1, 0
32.18034, 0, 1, 0
32.19695, 0, 1, 0
32.21371, 0, 1, 0
32.23035, 0, 1, 0
32.24707, 0, 1, 0
32.26371, 0, 1, 0
32.28027, 0, 1, 0
32.29701, 0, 1, 0
32.31366, 0, 1, 0
32.33027, 0, 1, 0
32.34696, 0, 1, 0
32.36349, 0, 1, 0
32.38045, 0, 1, 0
32.39707, 0, 1, 0
32.41365, 0, 1, 0
32.43031, 0, 1, 0
32.44699, 0, 1, 0
32.46353, 0, 1, 0
32.48008, 0, 1, 0
32.49659, 0, 1, 0
32.51339, 0, 1, 0
32.53006, 0, 1, 0
32.54677, 0, 1, 0
32.56328, 0, 1, 0
32.58014, 0, 1, 0
32.59667, 0, 1, 0
32.61335, 0, 1, 0
32.63015, 0, 1, 0
32.64664, 0, 1, 0
32.66328, 0, 1, 0
32.67994, 0, 1, 0
32.69659, 0, 1, 0
32.71342, 0, 1, 0
32.73005, 0, 1, 0
32.74683, 0, 1, 0
32.76353, 0, 1, 0
32.78021, 0, 1, 0
32.79677, 0, 1, 0
32.81332, 0, 1, 0
32.83004, 0, 1, 0
32.84679, 0, 1, 0
32.86337, 0, 1, 0
32.87997, 0, 1, 0
32.89666, 0, 1, 0
32.91354, 0, 1, 0
32.93021, 0, 1, 0
32.94681, 0, 1, 0
32.96354, 0, 1, 0
32.98015, 0, 1, 0
32.9968, 0, 1, 0
33.01363, 0, 1, 0
33.03021, 0, 1, 0
33.04688, 0, 1, 0
33.06354, 0, 1, 0
33.08021, 0, 1, 0
33.09677, 0, 1, 0
33.11323, 0, 1, 0
33.12996, 0, 1, 0
33.14669, 0, 1, 0
33.16353, 0, 1, 0
33.17989, 0, 1, 0
33.19673, 0, 1, 0
33.21332, 0, 1, 0
33.22995, 0, 1, 0
33.24669, 0, 1, 0
33.26321, 0, 1, 0
33.27987, 0, 1, 0
33.29651, 0, 1, 0
33.31324, 0, 1, 0
33.3299, 0, 1, 0
33.34657, 0, 1, 0
33.36332, 0, 1, 0
33.37994, 0, 1, 0
33.3968, 0, 1, 0
33.41326, 0, 1, 0
33.43005, 0, 1, 0
33.44682, 0, 1, 0
33.46337, 0, 1, 0
33.47996, 0, 1, 0
33.49659, 0, 1, 0
33.51329, 0, 1, 0
33.5301, 0, 1, 0
33.54682, 0, 1, 0
33.56324, 0, 1, 0
33.58001, 0, 1, 0
33.59653, 0, 1, 0
33.61325, 0, 1, 0
33.62988, 0, 1, 0
33.64653, 0, 1, 0
33.66323, 0, 1, 0
33.67998, 0, 1, 0
33.6967, 0, 1, 0
33.71316, 0, 1, 0
33.72997, 0, 1, 0
33.74658, 0, 1, 0
33.76329, 0, 1, 0
33.77993, 0, 1, 0
33.79655, 0, 1, 0
33.81329, 0, 1, 0
33.82994, 0, 1, 0
33.84693, 0, 1, 0
33.86322, 0, 1, 0
33.87998, 0, 1, 0
33.89671, 0, 1, 0
33.91333, 0, 1, 0
33.93011, 0, 1, 0
33.94658, 0, 1, 0
33.96333, 0, 1, 0
33.97981, 0, 1, 0
33.99667, 0, 1, 0
34.01371, 0, 1, 0
34.02989, 0, 1, 0
34.04713, 0, 1, 0
34.06384, 0, 1, 0
34.08016, 0, 1, 0
34.09639, 0, 1, 0
34.1133, 0, 1, 0
34.13043, 0, 1, 0
34.14722, 0, 1, 0
34.16378, 0, 1, 0
34.17999, 0, 1, 0
34.19664, 0, 1, 0
34.21384, 0, 1, 0
34.23009, 0, 1, 0
34.24657, 0, 1, 0
34.26336, 0, 1, 0
34.28015, 0, 1, 0
34.29671, 0, 1, 0
34.31326, 0, 1, 0
34.33018, 0, 1, 0
34.34669, 0, 1, 0
34.36334, 0, 1, 0
34.38002, 0, 1, 0
34.39656, 0, 1, 0
34.41331, 0, 1, 0
34.42999, 0, 1, 0
34.44661, 0, 1, 0
34.46331, 0, 1, 0
34.48034, 0, 1, 0
34.49677, 0, 1, 0
34.5135, 0, 1, 0
34.53033, 0, 1, 0
34.54733, 0, 1, 0
34.56384, 0, 1, 0
34.58089, 0, 1, 0
34.59769, 0, 1, 0
34.61387, 0, 1, 0
34.63, 0, 1, 0
34.64682, 0, 1, 0
34.66365, 0, 1, 0
34.68042, 0, 1, 0
34.69673, 0, 1, 0
34.71346, 0, 1, 0
34.73029, 0, 1, 0
34.74762, 0, 1, 0
34.76348, 0, 1, 0
34.77995, 0, 1, 0
34.79672, 0, 1, 0
34.81338, 0, 1, 0
34.83009, 0, 1, 0
34.84679, 0, 1, 0
34.86354, 0, 1, 0
34.8801, 0, 1, 0
34.89691, 0, 1, 0
34.91349, 0, 1, 0
34.93011, 0, 1, 0
34.94685, 0, 1, 0
34.96358, 0, 1, 0
34.98021, 0, 1, 0
34.99684, 0, 1, 0
35.01342, 0, 1, 0
35.03009, 0, 1, 0
35.04689, 0, 1, 0
35.06349, 0, 1, 0
35.08151, 0, 1, 0
35.09695, 0, 1, 0
35.11352, 0, 1, 0
35.13001, 0, 1, 0
35.1467, 0, 1, 0
35.16375, 0, 1, 0
35.18039, 0, 1, 0
35.19702, 0, 1, 0
35.2136, 0, 1, 0
35.23021, 0, 1, 0
35.24691, 0, 1, 0
35.26357, 0, 1, 0
35.28025, 0, 1, 0
35.29697, 0, 1, 0
35.31353, 0, 1, 0
35.33009, 0, 1, 0
35.34722, 0, 1, 0
35.36376, 0, 1, 0
35.38008, 0, 1, 0
35.3999, 0, 1, 0
35.41331, 0, 1, 0
35.43003, 0, 1, 0
35.44669, 0, 1, 0
35.46343, 0, 1, 0
35.4809, 0, 1, 0
35.49684, 0, 1, 0
35.51345, 0, 1, 0
35.53023, 0, 1, 0
35.54733, 0, 1, 0
35.56332, 0, 1, 0
35.58022, 0, 1, 0
35.59661, 0, 1, 0
35.61318, 0, 1, 0
35.62985, 0, 1, 0
35.64652, 0, 1, 0
35.66357, 0, 1, 0
35.68037, 0, 1, 0
35.69682, 0, 1, 0
35.71392, 0, 1, 0
35.73035, 0, 1, 0
35.74741, 0, 1, 0
35.76326, 0, 1, 0
35.78012, 0, 1, 0
35.79673, 0, 1, 0
35.8135, 0, 1, 0
35.83011, 0, 1, 0
35.84679, 0, 1, 0
35.86355, 0, 1, 0
35.88015, 0, 1, 0
35.89663, 0, 1, 0
35.91349, 0, 1, 0
35.93033, 0, 1, 0
35.94753, 0, 1, 0
35.96336, 0, 1, 0
35.98077, 0, 1, 0
35.99726, 0, 1, 0
36.01318, 0, 1, 0
36.02983, 0, 1, 0
36.04653, 0, 1, 0
36.06329, 0, 1, 0
36.07981, 0, 1, 0
36.09648, 0, 1, 0
36.11312, 0, 1, 0
36.12982, 0, 1, 0
36.14668, 0, 1, 0
36.16375, 0, 1, 0
36.18019, 0, 1, 0
36.19666, 0, 1, 0
36.2132, 0, 1, 0
36.22979, 0, 1, 0
36.24643, 0, 1, 0
36.26319, 0, 1, 0
36.27968, 0, 1, 0
36.29639, 0, 1, 0
36.31307, 0, 1, 0
36.32977, 0, 1, 0
36.34658, 0, 1, 0
36.36317, 0, 1, 0
36.3797, 0, 1, 0
36.39646, 0, 1, 0
36.41312, 0, 1, 0
36.42968, 0, 1, 0
36.44638, 0, 1, 0
36.46309, 0, 1, 0
36.47961, 0, 1, 0
36.49657, 0, 1, 0
36.51309, 0, 1, 0
36.5296, 0, 1, 0
36.54635, 0, 1, 0
36.56301, 0, 1, 0
36.57974, 0, 1, 0
36.59638, 0, 1, 0
36.61301, 0, 1, 0
36.62978, 0, 1, 0
36.64641, 0, 1, 0
36.66315, 0, 1, 0
36.67979, 0, 1, 0
36.69651, 0, 1, 0
36.71318, 0, 1, 0
36.72974, 0, 1, 0
36.7464, 0, 1, 0
36.76324, 0, 1, 0
36.77979, 0, 1, 0
36.79646, 0, 1, 0
36.81308, 0, 1, 0
36.82962, 0, 1, 0
36.84641, 0, 1, 0
36.86308, 0, 1, 0
36.87982, 0, 1, 0
36.89643, 0, 1, 0
36.91296, 0, 1, 0
36.92965, 0, 1, 0
36.9464, 0, 1, 0
36.96317, 0, 1, 0
36.97987, 0, 1, 0
36.99643, 0, 1, 0
37.01334, 0, 1, 0
37.03014, 0, 1, 0
37.04688, 0, 1, 0
37.06431, 0, 1, 0
37.08023, 0, 1, 0
37.09648, 0, 1, 0
37.11308, 0, 1, 0
37.12978, 0, 1, 0
37.14663, 0, 1, 0
37.16332, 0, 1, 0
37.18, 0, 1, 0
37.19665, 0, 1, 0
37.21313, 0, 1, 0
37.22974, 0, 1, 0
37.24653, 0, 1, 0
37.26314, 0, 1, 0
37.2798, 0, 1, 0
37.29654, 0, 1, 0
37.31321, 0, 1, 0
37.33006, 0, 1, 0
37.34661, 0, 1, 0
37.36333, 0, 1, 0
37.37998, 0, 1, 0
37.39665, 0, 1, 0
37.41325, 0, 1, 0
37.43002, 0, 1, 0
37.44652, 0, 1, 0
37.46321, 0, 1, 0
37.47997, 0, 1, 0
37.49656, 0, 1, 0
37.51318, 0, 1, 0
37.52987, 0, 1, 0
37.54645, 0, 1, 0
37.56314, 0, 1, 0
37.58004, 0, 1, 0
37.59661, 0, 1, 0
37.61314, 0, 1, 0
37.62981, 0, 1, 0
37.64648, 0, 1, 0
37.66319, 0, 1, 0
37.67986, 0, 1, 0
37.6965, 0, 1, 0
37.71317, 0, 1, 0
37.7298, 0, 1, 0
37.74651, 0, 1, 0
37.7631, 0, 1, 0
37.77983, 0, 1, 0
37.79673, 0, 1, 0
37.81329, 0, 1, 0
37.83009, 0, 1, 0
37.84663, 0, 1, 0
37.86341, 0, 1, 0
37.88008, 0, 1, 0
37.89686, 0, 1, 0
37.91344, 0, 1, 0
37.93001, 0, 1, 0
37.94675, 0, 1, 0
37.96355, 0, 1, 0
37.97969, 0, 1, 0
37.9966, 0, 1, 0
38.01325, 0, 1, 0
38.02978, 0, 1, 0
38.04641, 0, 1, 0
38.06301, 0, 1, 0
38.07975, 0, 1, 0
38.09643, 0, 1, 0
38.11314, 0, 1, 0
38.12965, 0, 1, 0
38.14629, 0, 1, 0
38.16309, 0, 1, 0
38.17969, 0, 1, 0
38.1963, 0, 1, 0
38.21313, 0, 1, 0
38.22969, 0, 1, 0
38.24624, 0, 1, 0
38.26334, 0, 1, 0
38.27971, 0, 1, 0
38.29633, 0, 1, 0
38.31359, 0, 1, 0
38.33002, 0, 1, 0
38.34665, 0, 1, 0
38.36332, 0, 1, 0
38.37992, 0, 1, 0
38.39679, 0, 1, 0
38.41345, 0, 1, 0
38.43005, 0, 1, 0
38.44661, 0, 1, 0
38.46334, 0, 1, 0
38.48001, 0, 1, 0
38.49664, 0, 1, 0
38.51319, 0, 1, 0
38.52981, 0, 1, 0
38.54637, 0, 1, 0
38.56326, 0, 1, 0
38.57993, 0, 1, 0
38.5966, 0, 1, 0
38.61313, 0, 1, 0
38.62982, 0, 1, 0
38.64683, 0, 1, 0
38.66327, 0, 1, 0
38.67992, 0, 1, 0
38.69646, 0, 1, 0
38.71317, 0, 1, 0
38.73005, 0, 1, 0
38.74675, 0, 1, 0
38.76336, 0, 1, 0
38.77992, 0, 1, 0
38.79645, 0, 1, 0
38.81325, 0, 1, 0
38.82986, 0, 1, 0
38.84647, 0, 1, 0
38.86319, 0, 1, 0
38.87991, 0, 1, 0
38.89658, 0, 1, 0
38.91319, 0, 1, 0
38.92995, 0, 1, 0
38.94683, 0, 1, 0
38.96338, 0, 1, 0
38.97998, 0, 1, 0
38.99651, 0, 1, 0
39.01308, 0, 1, 0
39.02999, 0, 1, 0
39.04654, 0, 1, 0
39.06332, 0, 1, 0
39.08003, 0, 1, 0
39.09664, 0, 1, 0
39.11308, 0, 1, 0
39.12983, 0, 1, 0
39.14642, 0, 1, 0
39.16321, 0, 1, 0
39.18009, 0, 1, 0
39.1967, 0, 1, 0
39.21338, 0, 1, 0
39.23002, 0, 1, 0
39.24667, 0, 1, 0
39.2635, 0, 1, 0
39.28007, 0, 1, 0
39.2967, 0, 1, 0
39.31335, 0, 1, 0
39.32998, 0, 1, 0
39.34657, 0, 1, 0
39.36334, 0, 1, 0
39.38004, 0, 1, 0
39.39681, 0, 1, 0
39.41345, 0, 1, 0
39.43008, 0, 1, 0
39.44675, 0, 1, 0
39.46323, 0, 1, 0
39.47976, 0, 1, 0
39.49638, 0, 1, 0
39.51305, 0, 1, 0
39.52983, 0, 1, 0
39.54635, 0, 1, 0
39.56316, 0, 1, 0
39.58001, 0, 1, 0
39.59653, 0, 1, 0
39.61336, 0, 1, 0
39.63028, 0, 1, 0
39.64703, 0, 1, 0
39.66329, 0, 1, 0
39.67997, 0, 1, 0
39.69659, 0, 1, 0
39.71312, 0, 1, 0
39.72962, 0, 1, 0
39.74644, 0, 1, 0
39.76321, 0, 1, 0
39.77996, 0, 1, 0
39.7966, 0, 1, 0
39.81327, 0, 1, 0
39.82983, 0, 1, 0
39.84643, 0, 1, 0
39.86322, 0, 1, 0
39.88001, 0, 1, 0
39.89669, 0, 1, 0
39.91322, 0, 1, 0
39.92982, 0, 1, 0
39.94669, 0, 1, 0
39.96363, 0, 1, 0
39.98002, 0, 1, 0
39.99662, 0, 1, 0
40.01313, 0, 1, 0
40.02973, 0, 1, 0
40.04642, 0, 1, 0
40.06318, 0, 1, 0
40.07986, 0, 1, 0
40.09666, 0, 1, 0
40.11319, 0, 1, 0
40.12982, 0, 1, 0
40.14651, 0, 1, 0
40.16322, 0, 1, 0
40.18002, 0, 1, 0
40.19653, 0, 1, 0
40.21315, 0, 1, 0
40.2308, 0, 1, 0
40.24767, 0, 1, 0
40.26411, 0, 1, 0
40.28092, 0, 1, 0
40.29769, 0, 1, 0
40.31422, 0, 1, 0
40.33091, 0, 1, 0
40.34746, 0, 1, 0
40.36433, 0, 1, 0
40.38098, 0, 1, 0
40.39783, 0, 1, 0
40.41475, 0, 1, 0
40.43042, 0, 1, 0
40.44689, 0, 1, 0
40.46337, 0, 1, 0
40.48028, 0, 1, 0
40.49669, 0, 1, 0
40.51333, 0, 1, 0
40.53014, 0, 1, 0
40.54678, 0, 1, 0
40.56354, 0, 1, 0
40.58022, 0, 1, 0
40.59672, 0, 1, 0
40.61337, 0, 1, 0
40.63015, 0, 1, 0
40.64671, 0, 1, 0
40.66352, 0, 1, 0
40.68006, 0, 1, 0
40.69679, 0, 1, 0
40.71338, 0, 1, 0
40.72985, 0, 1, 0
40.74667, 0, 1, 0
40.76338, 0, 1, 0
40.78016, 0, 1, 0
40.79672, 0, 1, 0
40.81329, 0, 1, 0
40.83022, 0, 1, 0
40.84682, 0, 1, 0
40.86339, 0, 1, 0
40.88008, 0, 1, 0
40.89676, 0, 1, 0
40.91337, 0, 1, 0
40.93011, 0, 1, 0
40.94659, 0, 1, 0
40.96324, 0, 1, 0
40.97999, 0, 1, 0
40.99652, 0, 1, 0
41.01313, 0, 1, 0
41.03005, 0, 1, 0
41.04664, 0, 1, 0
41.06339, 0, 1, 0
41.08025, 0, 1, 0
41.09658, 0, 1, 0
41.11322, 0, 1, 0
41.12981, 0, 1, 0
41.14652, 0, 1, 0
41.16331, 0, 1, 0
41.17993, 0, 1, 0
41.19643, 0, 1, 0
41.21313, 0, 1, 0
41.22982, 0, 1, 0
41.24635, 0, 1, 0
41.26297, 0, 1, 0
41.27973, 0, 1, 0
41.29644, 0, 1, 0
41.31321, 0, 1, 0
41.32958, 0, 1, 0
41.34626, 0, 1, 0
41.36309, 0, 1, 0
41.37989, 0, 1, 0
41.39642, 0, 1, 0
41.41313, 0, 1, 0
41.42984, 0, 1, 0
41.44652, 0, 1, 0
41.46314, 0, 1, 0
41.47992, 0, 1, 0
41.49651, 0, 1, 0
41.51303, 0, 1, 0
41.52976, 0.05019346, 1, 0
41.54645, 0.10027, 1, 0
41.56318, 0.1504479, 1, 0
41.57992, 0.2006762, 1, 0
41.59656, 0.2505884, 1, 0
41.61325, 0.3006843, 1, 0
41.62994, 0.3507312, 1, 0
41.6469, 0.4016342, 1, 0
41.66341, 0.4511594, 1, 0
41.67986, 0.5004983, 1, 0
41.69676, 0.5512103, 1, 0
41.71326, 0.6006874, 1, 0
41.72999, 0.5504805, 1, 0
41.74672, 0.5003006, 1, 0
41.76343, 0.4501662, 1, 0
41.77987, 0.4008417, 1, 0
41.79646, 0.351069, 1, 0
41.81323, 0.3007619, 1, 0
41.83003, 0.2503689, 1, 0
41.84659, 0.2006968, 1, 0
41.86324, 0.150749, 1, 0
41.87994, 0.1006198, 1, 0
41.89657, 0.05073618, 1, 0
41.91318, 0.0009077229, 1, 0
41.92982, 0, 1, 0
41.94649, 0, 1, 0
41.96342, 0, 1, 0
41.98029, 0, 1, 0
41.99681, 0, 1, 0
42.01326, 0, 1, 0
42.02988, 0, 1, 0
42.0466, 0, 1, 0
42.0633, 0, 1, 0
42.07983, 0, 1, 0
42.09666, 0, 1, 0
42.11369, 0, 1, 0
42.12978, 0, 1, 0
42.14654, 0, 1, 0
42.1633, 0, 1, 0
42.17984, 0, 1, 0
42.19659, 0, 1, 0
42.21325, 0, 1, 0
42.23013, 0, 1, 0
42.24659, 0, 1, 0
42.26336, 0, 1, 0
42.27997, 0, 1, 0
42.29672, 0, 1, 0
42.31327, 0, 1, 0
42.32981, 0, 1, 0
42.34664, 0, 1, 0
42.3634, 0, 1, 0
42.38027, 0, 1, 0
42.39686, 0, 1, 0
42.41314, 0, 1, 0
42.43004, 0, 1, 0
42.44675, 0, 1, 0
42.46333, 0, 1, 0
42.47993, 0, 1, 0
42.49665, 0, 1, 0
42.51336, 0, 1, 0
42.52998, 0, 1, 0
42.54659, 0, 1, 0
42.56322, 0, 1, 0
42.57999, 0, 1, 0
42.59656, 0, 1, 0
42.61307, 0, 1, 0
42.62998, 0, 1, 0
42.64663, 0, 1, 0
42.66331, 0, 1, 0
42.67998, 0, 1, 0
42.69655, 0, 1, 0
42.71324, 0, 1, 0
42.73003, 0, 1, 0
42.7466, 0, 1, 0
42.76339, 0, 1, 0
42.77998, 0, 1, 0
42.79671, 0, 1, 0
42.81338, 0, 1, 0
42.82997, 0, 1, 0
42.84647, 0, 1, 0
42.86319, 0, 1, 0
42.87984, 0, 1, 0
42.89649, 0, 1, 0
42.91329, 0, 1, 0
42.92976, 0, 1, 0
42.94659, 0, 1, 0
42.96344, 0, 1, 0
42.9802, 0, 1, 0
42.99659, 0, 1, 0
43.01309, 0, 1, 0
43.02982, 0, 1, 0
43.04648, 0, 1, 0
43.06312, 0, 1, 0
43.08042, 0, 1, 0
43.09631, 0, 1, 0
43.11302, 0, 1, 0
43.12984, 0, 1, 0
43.14645, 0, 1, 0
43.16325, 0, 1, 0
43.18008, 0, 1, 0
43.19653, 0, 1, 0
43.21317, 0, 1, 0
43.23017, 0, 1, 0
43.24654, 0, 1, 0
43.26323, 0, 1, 0
43.27982, 0, 1, 0
43.2966, 0, 1, 0
43.31326, 0, 1, 0
43.33016, 0, 1, 0
43.34696, 0, 1, 0
43.36329, 0, 1, 0
43.37981, 0, 1, 0
43.39655, 0, 1, 0
43.41306, 0, 1, 0
43.42966, 0, 1, 0
43.44725, 0, 1, 0
43.46342, 0, 1, 0
43.48058, 0, 1, 0
43.49645, 0, 1, 0
43.51314, 0, 1, 0
43.5298, 0, 1, 0
43.54633, 0, 1, 0
43.56307, 0, 1, 0
43.57961, 0, 1, 0
43.5968, 0, 1, 0
43.61399, 0, 1, 0
43.6299, 0, 1, 0
43.64644, 0, 1, 0
43.66311, 0, 1, 0
43.67982, 0, 1, 0
43.69641, 0, 1, 0
43.713, 0, 1, 0
43.72967, 0, 1, 0
43.74638, 0, 1, 0
43.76298, 0, 1, 0
43.77959, 0, 1, 0
43.79622, 0, 1, 0
43.8129, 0, 1, 0
43.82957, 0, 1, 0
43.84618, 0, 1, 0
43.86301, 0, 1, 0
43.87981, 0, 1, 0
43.89652, 0, 1, 0
43.91293, 0, 1, 0
43.92964, 0, 1, 0
43.94625, 0, 1, 0
43.96301, 0, 1, 0
43.97975, 0, 1, 0
43.99626, 0, 1, 0
44.01302, 0, 1, 0
44.02958, 0, 1, 0
44.04634, 0, 1, 0
44.06292, 0, 1, 0
44.07962, 0, 1, 0
44.09616, 0, 1, 0
44.11278, 0, 1, 0
44.12937, 0, 1, 0
44.14619, 0, 1, 0
44.16295, 0, 1, 0
44.17956, 0, 1, 0
44.1962, 0, 1, 0
44.21297, 0, 1, 0
44.22952, 0, 1, 0
44.24622, 0, 1, 0
44.26294, 0, 1, 0
44.27944, 0, 1, 0
44.29635, 0, 1, 0
44.31306, 0, 1, 0
44.32973, 0, 1, 0
44.34655, 0, 1, 0
44.36329, 0, 1, 0
44.3797, 0, 1, 0
44.39632, 0, 1, 0
44.41305, 0, 1, 0
44.42971, 0, 1, 0
44.4464, 0, 1, 0
44.46292, 0, 1, 0
44.47979, 0, 1, 0
44.49638, 0, 1, 0
44.51318, 0, 1, 0
44.52976, 0, 1, 0
44.54644, 0, 1, 0
44.56317, 0, 1, 0
44.57978, 0, 1, 0
44.59639, 0, 1, 0
44.61309, 0, 1, 0
44.62965, 0, 1, 0
44.64642, 0, 1, 0
44.66298, 0, 1, 0
44.67983, 0, 1, 0
44.69644, 0, 1, 0
44.71313, 0, 1, 0
44.72977, 0, 1, 0
44.74641, 0, 1, 0
44.76309, 0, 1, 0
44.77985, 0, 1, 0
44.79644, 0, 1, 0
44.81297, 0, 1, 0
44.82967, 0, 1, 0
44.84634, 0, 1, 0
44.86303, 0, 1, 0
44.87984, 0, 1, 0
44.89645, 0, 1, 0
44.91308, 0, 1, 0
44.92988, 0, 1, 0
44.94658, 0, 1, 0
44.96326, 0, 1, 0
44.98005, 0, 1, 0
44.99664, 0, 1, 0
45.01324, 0, 1, 0
45.02983, 0, 1, 0
45.0466, 0, 1, 0
45.06314, 0, 1, 0
45.08002, 0, 1, 0
45.09649, 0, 1, 0
45.11311, 0, 1, 0
45.12984, 0, 1, 0
45.14632, 0, 1, 0
45.16306, 0, 1, 0
45.1799, 0, 1, 0
45.1962, 0, 1, 0
45.21282, 0, 1, 0
45.2295, 0, 1, 0
45.24621, 0, 1, 0
45.26295, 0, 1, 0
45.27975, 0, 1, 0
45.29626, 0, 1, 0
45.3129, 0, 1, 0
45.32961, 0, 1, 0
45.34637, 0, 1, 0
45.36306, 0, 1, 0
45.37976, 0, 1, 0
45.39612, 0, 1, 0
45.4129, -0.05033578, 1, 0
45.42972, -0.1007955, 1, 0
45.44622, -0.1503087, 1, 0
45.46278, -0.1999782, 1, 0
45.47958, -0.2503989, 1, 0
45.4963, -0.3005549, 1, 0
45.51293, -0.3504382, 1, 0
45.5296, -0.4004331, 1, 0
45.54669, -0.4517024, 1, 0
45.56285, -0.5001864, 1, 0
45.57978, -0.5509812, 1, 0
45.59637, -0.6007389, 1, 0
45.6129, -0.6503441, 1, 0
45.62959, -0.7004213, 1, 0
45.64625, -0.7503865, 1, 0
45.66346, -0.8020253, 1, 0
45.67967, -0.8506536, 1, 0
45.6965, -0.9011382, 1, 0
45.71332, -0.9515968, 1, 0
45.72955, -1, 1, 0
45.74647, -1, 1, 0
45.76335, -1, 1, 0
45.77974, -1, 1, 0
45.79644, -1, 1, 0
45.81274, -1, 1, 0
45.8294, -1, 1, 0
45.84681, -0.9477618, 1, 0
45.86335, -0.89814, 1, 0
45.88011, -0.8478709, 1, 0
45.89664, -0.7982821, 1, 0
45.9133, -0.7482966, 1, 0
45.9295, -0.6996809, 1, 0
45.9463, -0.6492918, 1, 0
45.96335, -0.5981451, 1, 0
45.98045, -0.5468345, 1, 0
45.99644, -0.498888, 1, 0
46.0132, -0.4485881, 1, 0
46.02989, -0.3985196, 1, 0
46.04642, -0.3489399, 1, 0
46.06322, -0.2985458, 1, 0
46.07999, -0.2482415, 1, 0
46.09655, -0.1985598, 1, 0
46.11337, -0.1480753, 1, 0
46.12998, -0.09825677, 1, 0
46.14683, -0.04769668, 1, 0
46.16321, 0, 1, 0
46.17973, 0.04955485, 1, 0
46.19616, 0.09885817, 1, 0
46.21281, 0.1488064, 1, 0
46.22967, 0.1993688, 1, 0
46.24717, 0.2518859, 1, 0
46.26313, 0.299752, 1, 0
46.28034, 0.351385, 1, 0
46.29632, 0.399335, 1, 0
46.31339, 0.4505486, 1, 0
46.32952, 0.4989443, 1, 0
46.34631, 0.5493113, 1, 0
46.36304, 0.599492, 1, 0
46.37976, 0.649663, 1, 0
46.39651, 0.5994307, 1, 0
46.4129, 0.5502745, 1, 0
46.42957, 0.500263, 1, 0
46.4467, 0.4488396, 1, 0
46.46303, 0.3998748, 1, 0
46.47964, 0.3500205, 1, 0
46.49629, 0.3000785, 1, 0
46.51303, 0, 1, 0
46.52966, -0.04988308, 1, 0
46.54645, -0.1002818, 1, 0
46.56303, -0.150012, 1, 0
46.5797, -0.2000093, 1, 0
46.5965, -0.2504293, 1, 0
46.61308, -0.3001627, 1, 0
46.62969, -0.3499831, 1, 0
46.64635, -0.2999869, 1, 0
46.66309, -0.2497734, 1, 0
46.67965, -0.2000906, 1, 0
46.69645, -0.1497052, 1, 0
46.71303, -0.09994566, 1, 0
46.72984, -0.04952996, 1, 0
46.74644, 0, 1, 0
46.76304, 0, 1, 0
46.77977, 0, 1, 0
46.797, 0, 1, 0
46.8145, 0, 1, 0
46.83058, 0, 1, 0
46.84652, 0, 1, 0
46.86341, 0, 1, 0
46.88015, 0, 1, 0
46.89677, 0, 1, 0
46.91319, 0, 1, 0
46.92972, 0, 1, 0
46.94642, 0, 1, 0
46.96312, 0, 1, 0
46.97991, 0, 1, 0
46.99659, 0, 1, 0
47.01335, 0, 1, 0
47.03111, 0, 1, 0
47.04698, 0, 1, 0
47.06337, -0.04916275, 1, 0
47.07983, -0.09853107, 1, 0
47.09649, -0.1485078, 1, 0
47.11322, -0.1987145, 1, 0
47.12992, -0.248813, 1, 0
47.14757, -0.3017604, 1, 0
47.16369, -0.3501217, 1, 0
47.18038, -0.4001924, 1, 0
47.19646, -0.4484347, 1, 0
47.21339, -0.4992233, 1, 0
47.23, -0.5490366, 1, 0
47.24657, -0.5987694, 1, 0
47.26314, -0.6484842, 1, 0
47.27995, -0.6988934, 1, 0
47.29664, -0.7489845, 1, 0
47.31341, -0.7992768, 1, 0
47.33002, -0.8491085, 1, 0
47.34659, -0.8988282, 1, 0
47.3633, -0.8486882, 1, 0
47.37993, -0.7988111, 1, 0
47.39646, -0.7492206, 1, 0
47.41321, -0.6989738, 1, 0
47.4299, -0.6489021, 1, 0
47.44665, -0.5986446, 1, 0
47.46341, -0.5483668, 1, 0
47.48, -0.4986026, 1, 0
47.49673, -0.4483933, 1, 0
47.51374, 0, 1, 0
47.53013, 0.04916929, 1, 0
47.54657, 0.09848208, 1, 0
47.5637, 0.1498807, 1, 0
47.58005, 0.1989203, 1, 0
47.59661, 0.2486151, 1, 0
47.61339, 0.2989479, 1, 0
47.6301, 0.2488024, 1, 0
47.64685, 0.1985777, 1, 0
47.66347, 0.1486985, 1, 0
47.68015, 0.09865301, 1, 0
47.69658, 0.04938606, 1, 0
47.71323, 0, 1, 0
47.72997, 0, 1, 0
47.74666, 0, 1, 0
47.76336, 0, 1, 0
47.78006, 0, 1, 0
47.79682, 0, 1, 0
47.81347, 0, 1, 0
47.83057, 0, 1, 0
47.8468, 0, 1, 0
47.86348, 0, 1, 0
47.88021, 0, 1, 0
47.89673, 0, 1, 0
47.91337, 0, 1, 0
47.93005, 0, 1, 0
47.94682, 0, 1, 0
47.96346, 0, 1, 0
47.98026, 0, 1, 0
47.99678, 0, 1, 0
48.01347, 0, 1, 0
48.03022, 0, 1, 0
48.0468, 0, 1, 0
48.06353, 0, 1, 0
48.08008, 0, 1, 0
48.09695, 0, 1, 0
48.11352, 0, 1, 0
48.13015, 0, 1, 0
48.14682, 0, 1, 0
48.16337, 0, 1, 0
48.18006, 0, 1, 0
48.19656, 0, 1, 0
48.21327, 0, 1, 0
48.23003, 0, 1, 0
48.24678, 0, 1, 0
48.26328, 0, 1, 0
48.27989, 0, 1, 0
48.29668, 0, 1, 0
48.31324, 0, 1, 0
48.33004, 0, 1, 0
48.34668, 0, 1, 0
48.36328, 0, 1, 0
48.3799, 0, 1, 0
48.39707, 0, 1, 0
48.4136, 0, 1, 0
48.42994, 0, 1, 0
48.44657, 0, 1, 0
48.46321, 0, 1, 0
48.47983, 0, 1, 0
48.49664, 0, 1, 0
48.51293, 0, 1, 0
48.52982, 0, 1, 0
48.54654, 0, 1, 0
48.56317, 0, 1, 0
48.57988, 0, 1, 0
48.59671, 0, 1, 0
48.61319, 0, 1, 0
48.63049, 0, 1, 0
48.64688, 0, 1, 0
48.66341, 0, 1, 0
48.68003, 0, 1, 0
48.69663, 0, 1, 0
48.7135, 0, 1, 0
48.73011, 0, 1, 0
48.74672, 0, 1, 0
48.76336, 0, 1, 0
48.78001, 0, 1, 0
48.79665, 0, 1, 0
48.81332, 0, 1, 0
48.83005, 0, 1, 0
48.84698, 0, 1, 0
48.86343, 0, 1, 0
48.88002, 0, 1, 0
48.8968, 0, 1, 0
48.91356, 0, 1, 0
48.92995, 0, 1, 0
48.94656, 0, 1, 0
48.96314, 0, 1, 0
48.97972, 0, 1, 0
48.99644, 0, 1, 0
49.01314, 0, 1, 0
49.02977, 0, 1, 0
49.04649, 0, 1, 0
49.06316, 0, 1, 0
49.08007, 0, 1, 0
49.09668, 0, 1, 0
49.11338, 0, 1, 0
49.13015, 0, 1, 0
49.14665, 0, 1, 0
49.1633, 0, 1, 0
49.18029, 0, 1, 0
49.19711, 0, 1, 0
49.2132, 0, 1, 0
49.2299, 0, 1, 0
49.24657, 0, 1, 0
49.2634, 0, 1, 0
49.27995, 0, 1, 0
49.29698, 0, 1, 0
49.31342, 0, 1, 0
49.32984, 0, 1, 0
49.34669, 0, 1, 0
49.36342, 0, 1, 0
49.38021, 0, 1, 0
49.39658, 0, 1, 0
49.41325, 0, 1, 0
49.43, 0, 1, 0
49.44675, 0, 1, 0
49.46341, 0, 1, 0
49.48, 0, 1, 0
49.49679, 0, 1, 0
49.51332, 0, 1, 0
49.5299, 0, 1, 0
49.54689, 0, 1, 0
49.5634, 0, 1, 0
49.58011, 0, 1, 0
49.5965, 0, 1, 0
49.61293, 0, 1, 0
49.62964, 0, 1, 0
49.6466, 0, 1, 0
49.66304, 0, 1, 0
49.67969, 0, 1, 0
49.69658, 0, 1, 0
49.713, 0, 1, 0
49.72975, 0, 1, 0
49.74644, 0, 1, 0
49.76297, 0, 1, 0
49.77956, 0, 1, 0
49.79649, 0, 1, 0
49.81289, 0, 1, 0
49.82973, 0, 1, 0
49.84708, 0, 1, 0
49.86358, 0, 1, 0
49.87991, 0, 1, 0
49.89638, 0, 1, 0
49.9131, 0, 1, 0
49.92968, 0, 1, 0
49.94643, 0, 1, 0
49.96306, 0, 1, 0
49.9797, 0, 1, 0
49.99644, 0, 1, 0
50.013, 0, 1, 0
50.02961, 0, 1, 0
50.04681, 0, 1, 0
50.06297, 0, 1, 0
50.07975, 0, 1, 0
50.09653, 0, 1, 0
50.11314, 0, 1, 0
50.1299, 0, 1, 0
50.14653, 0, 1, 0
50.16317, 0, 1, 0
50.17982, 0, 1, 0
50.1965, 0, 1, 0
50.2134, 0, 1, 0
50.23012, 0, 1, 0
50.24671, 0, 1, 0
50.26343, 0, 1, 0
50.27998, 0, 1, 0
50.29677, 0, 1, 0
50.3135, 0, 1, 0
50.32993, 0, 1, 0
50.34669, 0, 1, 0
50.3634, 0, 1, 0
50.38012, 0, 1, 0
50.3968, 0, 1, 0
50.41345, 0, 1, 0
50.43016, 0, 1, 0
50.44684, 0, 1, 0
50.46351, 0, 1, 0
50.48016, 0, 1, 0
50.49822, 0, 1, 0
50.51481, 0, 1, 0
50.53151, 0, 1, 0
50.54818, 0, 1, 0
50.5648, 0, 1, 0
50.58138, 0, 1, 0
50.59805, 0, 1, 0
50.61483, 0, 1, 0
50.63016, 0, 1, 0
50.64675, 0, 1, 0
50.66349, 0, 1, 0
50.68002, 0, 1, 0
50.69689, 0, 1, 0
50.71378, 0, 1, 0
50.73026, 0, 1, 0
50.74662, 0, 1, 0
50.7636, 0, 1, 0
50.77992, 0, 1, 0
50.79649, 0, 1, 0
50.8132, 0, 1, 0
50.83018, 0, 1, 0
50.84676, 0, 1, 0
50.86344, 0, 1, 0
50.8798, 0, 1, 0
50.89644, 0, 1, 0
50.91319, 0, 1, 0
50.92962, 0, 1, 0
50.94637, 0, 1, 0
50.96319, 0, 1, 0
50.98003, 0, 1, 0
50.99666, 0, 1, 0
51.01328, 0, 1, 0
51.03004, 0, 1, 0
51.0468, 0, 1, 0
51.06343, 0, 1, 0
51.08005, 0, 1, 0
51.09671, 0, 1, 0
51.1134, 0, 1, 0
51.12997, 0, 1, 0
51.14666, 0, 1, 0
51.16329, 0, 1, 0
51.17989, 0, 1, 0
51.19658, 0, 1, 0
51.21339, 0, 1, 0
51.22973, 0, 1, 0
51.24633, 0, 1, 0
51.26318, 0, 1, 0
51.27972, 0, 1, 0
51.29646, 0, 1, 0
51.31302, 0, 1, 0
51.3298, 0, 1, 0
51.34646, 0, 1, 0
51.36316, 0, 1, 0
51.3798, 0, 1, 0
51.39641, 0, 1, 0
51.41306, 0, 1, 0
51.42976, 0, 1, 0
51.44654, 0, 1, 0
51.46309, 0, 1, 0
51.47964, 0, 1, 0
51.49638, 0, 1, 0
51.51302, 0, 1, 0
51.52982, 0, 1, 0
51.54649, 0, 1, 0
51.56298, 0, 1, 0
51.57974, 0, 1, 0
51.59647, 0, 1, 0
51.61303, 0, 1, 0
51.62979, 0, 1, 0
51.64633, 0, 1, 0
51.663, 0, 1, 0
51.6797, 0, 1, 0
51.69631, 0, 1, 0
51.71288, 0, 1, 0
51.72969, 0, 1, 0
51.74643, 0, 1, 0
51.76286, 0, 1, 0
51.77968, 0, 1, 0
51.7963, 0, 1, 0
51.81288, 0, 1, 0
51.82965, 0, 1, 0
51.84626, 0, 1, 0
51.86305, -0.05035598, 1, 0
51.87996, -0.1010725, 1, 0
51.8965, -0.1507079, 1, 0
51.91309, -0.2004701, 1, 0
51.93124, -0.2549458, 1, 0
51.94791, -0.304947, 1, 0
51.96458, -0.2549394, 1, 0
51.98149, -0.2042184, 1, 0
51.99745, -0.156342, 1, 0
52.01409, -0.1064092, 1, 0
52.03126, -0.05490601, 1, 0
52.04769, -0.005607143, 1, 0
52.06413, 0, 1, 0
52.08153, 0, 1, 0
52.09659, 0, 1, 0
52.11333, 0, 1, 0
52.13014, 0, 1, 0
52.14763, 0, 1, 0
52.16392, 0, 1, 0
52.18126, 0, 1, 0
52.19738, 0, 1, 0
52.21424, 0, 1, 0
52.23081, 0, 1, 0
52.24684, 0, 1, 0
52.26327, 0, 1, 0
52.27988, 0, 1, 0
52.29671, 0, 1, 0
52.31324, 0, 1, 0
52.33014, 0, 1, 0
52.34658, 0, 0.9506578, 0
52.36347, 0, 0.8999866, 0
52.38, 0, 0.8503948, 0
52.39659, -0.9195372, 0.1, 225.9006
52.4131, -0.9185496, 0.1, 225.7963
52.42986, -0.9163584, 0.1, 225.6904
52.44668, -0.9141263, 0.1, 225.5828
52.46324, -0.9112835, 0.1, 225.4738
52.48002, -0.9072204, 0.1, 225.3629
52.49669, -0.9072204, 0.1, 225.3629
52.51345, -0.9031591, 0.1, 225.2503
52.53011, -0.8980619, 0.1, 225.1359
52.54663, -0.8925895, 0.1, 225.0194
52.56323, -0.8865094, 0.1, 224.9009
52.57997, -0.8865094, 0.1, 224.9009
52.59665, -0.8796982, 0.1, 224.7802
52.61326, -0.8724782, 0.1, 224.657
52.63084, -0.8645296, 0.1, 224.5315
52.64761, -0.8561997, 0.1, 224.4033
52.66326, -0.8472098, 0.1, 224.2724
52.68015, -0.837676, 0.1, 224.1386
52.69654, -0.837676, 0.1, 224.1386
52.71314, -0.8278502, 0.1, 224.0019
52.72994, -0.8172468, 0.1, 223.862
52.74659, -0.8064508, 0.1, 223.7191
52.76328, -0.7952577, 0.1, 223.5728
52.77994, -0.7952577, 0.1, 223.5728
52.79646, -0.7836496, 0.1, 223.4233
52.8135, -0.7716001, 0.1, 223.2705
52.83009, -0.7594936, 0.1, 223.1143
52.84654, -0.7469566, 0.1, 222.9548
52.86341, -0.7345302, 0.1, 222.7919
52.87996, -0.7345302, 0.1, 222.7919
52.89658, -0.7209461, 0.1, 222.6257
52.91333, -0.7082044, 0.1, 222.4559
52.93068, -0.6953112, 0.1, 222.2831
52.94749, -0.6811891, 0.1, 222.1068
52.96426, -0.6680163, 0.1, 221.9272
52.98172, -0.6547273, 0.1, 221.7446
52.99702, -0.6547273, 0.1, 221.7446
53.01353, -0.6401826, 0.1, 221.5587
53.03013, -0.6266661, 0.1, 221.3697
53.04692, -0.6130531, 0.1, 221.1777
53.06385, -0.5982511, 0.1, 220.9826
53.08084, -0.5844423, 0.1, 220.7846
53.09695, -0.5844423, 0.1, 220.7846
53.11375, -0.5699813, 0.1, 220.5837
53.13053, -0.5554171, 0.1, 220.3798
53.14671, -0.5410394, 0.1, 220.1734
53.16348, -0.5263727, 0.1, 219.9642
53.18029, -0.511856, 0.1, 219.7523
53.19675, -0.511856, 0.1, 219.7523
53.21341, -0.4970199, 0.1, 219.5379
53.23025, -0.4821989, 0.1, 219.321
53.24681, -0.4674675, 0.1, 219.1016
53.26356, -0.4521778, 0.1, 218.8798
53.28021, -0.4369716, 0.1, 218.6557
53.29725, -0.4369716, 0.1, 218.6557
53.31332, -0.4216465, 0.1, 218.4294
53.33009, -0.4064688, 0.1, 218.2007
53.34678, -0.3908402, 0.1, 217.9701
53.36389, -0.3752768, 0.1, 217.7373
53.38024, -0.35943, 0.1, 217.5025
53.39677, -0.35943, 0.1, 217.5025
53.41321, -0.3437024, 0.1, 217.2657
53.43012, -0.3277218, 0.1, 217.0269
53.44679, -0.3116386, 0.1, 216.7864
53.46431, -0.2956578, 0.1, 216.5441
53.48053, -0.2794368, 0.1, 216.3
53.49695, -0.2794368, 0.1, 216.3
53.51346, -0.2618418, 0.1, 216.0542
53.53041, -0.2455569, 0.1, 215.8068
53.54708, -0.2291219, 0.1, 215.5577
53.56384, -0.212533, 0.1, 215.3072
53.58018, -0.1942449, 0.1, 215.0553
53.59666, -0.1942449, 0.1, 215.0553
53.61326, -0.1773279, 0.1, 214.8017
53.63028, -0.1602429, 0.1, 214.5468
53.64812, -0.142987, 0.1, 214.2907
53.66464, -0.1255564, 0.1, 214.0334
53.68165, -0.1064296, 0.1, 213.7747
53.69818, -0.1064296, 0.1, 213.7747
53.71473, -0.08863518, 0.1, 213.5148
53.73054, -0.07065541, 0.1, 213.2539
53.74689, -0.0524986, 0.1, 212.992
53.76357, -0.03355359, 0.1, 212.7289
53.78031, -0.01440842, 0.1, 212.465
53.79683, -0.01440842, 0.1, 212.465
53.81346, 0.004516737, 0.1, 212.2002
53.83023, 0.02391888, 0.1, 211.9344
53.84714, 0.04303524, 0.1, 211.6679
53.86362, 0.0627512, 0.1, 211.4006
53.88017, 0.08245362, 0.1, 211.1327
53.89694, 0.08245362, 0.1, 211.1327
53.9137, 0.1024628, 0.1, 210.864
53.93146, 0.1226648, 0.1, 210.5949
53.94809, 0.142814, 0.1, 210.3252
53.96468, 0.1630414, 0.1, 210.0549
53.98118, 0.1833525, 0.1, 209.7843
53.99796, 0.1833525, 0.1, 209.7843
54.01456, 0.2040924, 0.1, 209.5133
54.03264, 0.2248573, 0.1, 209.242
54.0466, 0.2456933, 0.1, 208.9704
54.06342, 0.2662122, 0.1, 208.6986
54.08099, 0.286848, 0.1, 208.4266
54.099, 0.286848, 0.1, 208.4266
54.1141, 0.3078391, 0.1, 208.1546
54.13078, 0.3285309, 0.1, 207.8826
54.14699, 0.3492778, 0.1, 207.6106
54.16356, 0.3697381, 0.1, 207.3387
54.18014, 0.3906629, 0.1, 207.0668
54.19678, 0.3906629, 0.1, 207.0668
54.2136, 0.4111798, 0.1, 206.7953
54.23093, 0.4313577, 0.1, 206.524
54.24742, 0.4515682, 0.1, 206.253
54.26398, 0.4717259, 0.1, 205.9823
54.28044, 0.4914395, 0.1, 205.7122
54.29759, 0.4914395, 0.1, 205.7122
54.31368, 0.5110533, 0.1, 205.4425
54.33058, 0.5304458, 0.1, 205.1734
54.34711, 0.5498785, 0.1, 204.9049
54.36381, 0.5687269, 0.1, 204.637
54.38066, 0.587343, 0.1, 204.3699
54.39746, 0.587343, 0.1, 204.3699
54.41518, 0.6056045, 0.1, 204.1037
54.43192, 0.6238241, 0.1, 203.8382
54.44824, 0.6415896, 0.1, 203.5736
54.46474, 0.6589808, 0.1, 203.31
54.48148, 0.6759089, 0.1, 203.0473
54.49683, 0.6759089, 0.1, 203.0473
54.51361, 0.6924682, 0.1, 202.7859
54.53028, 0.7089131, 0.1, 202.5254
54.547, 0.7246892, 0.1, 202.2662
54.56373, 0.740064, 0.1, 202.0081
54.5801, 0.7551906, 0.1, 201.7515
54.59674, 0.7551906, 0.1, 201.7515
54.61335, 0.7697245, 0.1, 201.496
54.63003, 0.7837898, 0.1, 201.2421
54.64675, 0.7976921, 0.1, 200.9894
54.66348, 0.8107989, 0.1, 200.7384
54.68028, 0.82367, 0.1, 200.4886
54.69683, 0.82367, 0.1, 200.4886
54.71338, 0.8357634, 0.1, 200.241
54.73034, 0.8478239, 0.1, 199.9943
54.74723, 0.8590969, 0.1, 199.75
54.76379, 0.8702843, 0.1, 199.5065
54.78038, 0.8809749, 0.1, 199.2656
54.79723, 0.8809749, 0.1, 199.2656
54.81364, 0.8912313, 0.1, 199.0255
54.83045, 0.9008151, 0.1, 198.7885
54.84681, 0.910185, 0.1, 198.5517
54.8636, 0.9188169, 0.1, 198.3185
54.88026, 0.9271436, 0.1, 198.0854
54.89705, 0.9271436, 0.1, 198.0854
54.91367, 0.9348291, 0.1, 197.8557
54.93041, 0.942154, 0.1, 197.6261
54.94706, 0.9490065, 0.1, 197.4004
54.96373, 0.9554201, 0.1, 197.1747
54.98031, 0.9613515, 0.1, 196.9529
54.99678, 0.9613515, 0.1, 196.9529
55.01343, 0.9667805, 0.1, 196.7313
55.03029, 0.9718872, 0.1, 196.5134
55.04705, 0.9764966, 0.1, 196.2957
55.06367, 0.980639, 0.1, 196.0819
55.08039, 0.9842896, 0.1, 195.8686
55.09726, 0.9842896, 0.1, 195.8686
55.1148, 0.9875457, 0.1, 195.6592
55.13074, 0.9903538, 0.1, 195.4511
55.14697, 0.9927703, 0.1, 195.2455
55.16368, 0.994812, 0.1, 195.0425
55.1805, 0.9964457, 0.1, 194.8421
55.19741, 0.9964457, 0.1, 194.8421
55.21465, 0.9977907, 0.1, 194.6442
55.23059, 0.9988039, 0.1, 194.449
55.24695, 0.9994997, 0.1, 194.2566
55.26389, 0.9998929, 0.1, 194.0668
55.28053, 0.9999979, 0.1, 193.8798
55.29712, 0.9999979, 0.1, 193.8798
55.31339, 0.9998312, 0.1, 193.6956
55.33009, 0.9994049, 0.1, 193.5141
55.34667, 0.9987466, 0.1, 193.3356
55.36324, 0.9978482, 0.1, 193.1599
55.37997, 0.9978482, 0.1, 193.1599
55.39813, 0.9967328, 0.1, 192.9871
55.4135, 0.9954137, 0.1, 192.8172
55.43027, 0.9939345, 0.1, 192.6503
55.44683, 0.9922523, 0.1, 192.4864
55.46319, 0.990406, 0.1, 192.3255
55.48013, 0.9884664, 0.1, 192.1676
55.49672, 0.9884664, 0.1, 192.1676
55.51334, 0.9863329, 0.1, 192.0127
55.52998, 0.984073, 0.1, 191.861
55.54667, 0.9817171, 0.1, 191.7124
55.56334, 0.9792452, 0.1, 191.5668
55.57998, 0.9792452, 0.1, 191.5668
55.59668, 0.9766718, 0.1, 191.4244
55.61325, 0.9741343, 0.1, 191.2851
55.62986, 0.9714094, 0.1, 191.149
55.64645, 0.9686223, 0.1, 191.0162
55.66312, 0.9657766, 0.1, 190.8864
55.67979, 0.9657766, 0.1, 190.8864
55.69645, 0.9629126, 0.1, 190.7599
55.71312, 0.9599862, 0.1, 190.6366
55.72966, 0.9571669, 0.1, 190.5166
55.74652, 0.9541945, 0.1, 190.3997
55.76315, 0.9512742, 0.1, 190.2861
55.77989, 0.9512742, 0.1, 190.2861
55.79661, 0.9482831, 0.1, 190.1758
55.81311, 0.9452919, 0.1, 190.0687
55.82979, 0.9423066, 0.1, 189.965
55.84646, 0.9394479, 0.1, 189.8645
55.86317, 0.9365435, 0.1, 189.7674
55.87983, 0.9365435, 0.1, 189.7674
55.89626, 0.9336051, 0.1, 189.6735
55.91304, 0.9307208, 0.1, 189.583
55.92981, 0.9278356, 0.1, 189.4958
55.94651, 0.9249949, 0.1, 189.412
55.96313, 0.9223495, 0.1, 189.3317
55.97972, 0.9223495, 0.1, 189.3317
55.99643, 0.9194902, 0.1, 189.2546
56.01301, 0.9166279, 0.1, 189.1812
56.02982, 0.9138522, 0.1, 189.1111
56.04646, 0.9109464, 0.1, 189.0446
56.06314, 0.9080589, 0.1, 188.9818
56.07969, 0.9080589, 0.1, 188.9818
56.09646, 0.9050474, 0.1, 188.9225
56.11321, 0.9021324, 0.1, 188.8671
56.12981, 0.8989252, 0.1, 188.8155
56.14648, 0.8956376, 0.1, 188.7676
56.16309, 0.8921821, 0.1, 188.7236
56.17982, 0.8921821, 0.1, 188.7236
56.19641, 0.8886808, 0.1, 188.6836
56.21303, 0.8851169, 0.1, 188.6472
56.22987, 0.8816434, 0.1, 188.6143
56.24681, 0.8784044, 0.1, 188.585
56.26334, 0.8752242, 0.1, 188.5587
56.28007, 0.872573, 0.1, 188.5354
56.29687, 0.872573, 0.1, 188.5354
56.31322, 0.870136, 0.1, 188.5148
56.32979, 0.8681689, 0.1, 188.4969
56.34642, 0.8667842, 0.1, 188.4815
56.36315, 0.8660435, 0.1, 188.4685
56.37984, 0.8660435, 0.1, 188.4685
56.3964, 0.8658977, 0.1, 188.4578
56.41302, 0.8665738, 0.1, 188.4494
56.42979, 0.8681408, 0.1, 188.4434
56.44646, 0.8705137, 0.1, 188.4395
56.46308, 0.873934, 0.1, 188.4377
56.47968, 0.873934, 0.1, 188.4377
56.49649, 0.877988, 0.1, 188.4378
56.51314, 0.8827559, 0.1, 188.4393
56.52988, 0.8878218, 0.1, 188.4417
56.54649, 0.8931443, 0.1, 188.4446
56.56321, 0.8987837, 0.1, 188.4478
56.57984, 0.8987837, 0.1, 188.4478
56.59662, 0.9043124, 0.1, 188.4509
56.61317, 0.9098606, 0.1, 188.4537
56.62982, 0.9155807, 0.1, 188.4561
56.64639, 0.9210539, 0.1, 188.4579
56.66316, 0.9265203, 0.1, 188.459
56.67988, 0.9265203, 0.1, 188.459
56.69656, 0.9318138, 0.1, 188.4593
56.713, 0.937143, 0.1, 188.4586
56.72982, 0.9421808, 0.1, 188.4569
56.74646, 0.9471077, 0.1, 188.4539
56.76311, 0.9518261, 0.1, 188.4498
56.77983, 0.9518261, 0.1, 188.4498
56.79653, 0.956542, 0.1, 188.4444
56.81325, 0.960896, 0.1, 188.4376
56.8298, 0.9650578, 0.1, 188.4294
56.84647, 0.9690189, 0.1, 188.4196
56.86308, 0.9727716, 0.1, 188.4084
56.87989, 0.9727716, 0.1, 188.4084
56.89657, 0.9763085, 0.1, 188.3958
56.91324, 0.9796226, 0.1, 188.3815
56.92981, 0.9827075, 0.1, 188.3657
56.94638, 0.985557, 0.1, 188.3484
56.96314, 0.9883982, 0.1, 188.3294
56.9799, 0.9883982, 0.1, 188.3294
56.99657, 0.9907353, 0.1, 188.3087
57.01331, 0.9928204, 0.1, 188.2865
57.03001, 0.9946486, 0.1, 188.2627
57.0471, 0.9962154, 0.1, 188.2373
57.06385, 0.9975166, 0.1, 188.2103
57.08006, 0.9985483, 0.1, 188.1818
57.09701, 0.9985483, 0.1, 188.1818
57.11353, 0.999307, 0.1, 188.1518
57.12985, 0.9997895, 0.1, 188.1203
57.14662, 0.999993, 0.1, 188.0872
57.16393, 0.9999148, 0.1, 188.0527
57.18004, 0.9995062, 0.1, 188.0167
57.1966, 0.9995062, 0.1, 188.0167
57.21342, 0.9988332, 0.1, 187.9792
57.23004, 0.9978732, 0.1, 187.9403
57.24664, 0.9966253, 0.1, 187.9
57.26382, 0.9950886, 0.1, 187.8583
57.28006, 0.9932632, 0.1, 187.8153
57.29682, 0.9932632, 0.1, 187.8153
57.31355, 0.9911451, 0.1, 187.7709
57.33018, 0.9887461, 0.1, 187.7254
57.34669, 0.9860483, 0.1, 187.6784
57.3632, 0.983071, 0.1, 187.6303
57.38014, 0.9798108, 0.1, 187.581
57.3975, 0.9798108, 0.1, 187.581
57.41341, 0.9762645, 0.1, 187.5304
57.43005, 0.9724396, 0.1, 187.4787
57.44667, 0.9679566, 0.1, 187.4257
57.46348, 0.963555, 0.1, 187.3716
57.48009, 0.9588853, 0.1, 187.3163
57.49657, 0.9588853, 0.1, 187.3163
57.51318, 0.9538999, 0.1, 187.26
57.52996, 0.9486962, 0.1, 187.2025
57.54689, 0.9432347, 0.1, 187.1439
57.56427, 0.9374856, 0.1, 187.0842
57.58026, 0.9314857, 0.1, 187.0234
57.59692, 0.9314857, 0.1, 187.0234
57.61401, 0.9252849, 0.1, 186.9616
57.63032, 0.9188337, 0.1, 186.8988
57.64695, 0.9120709, 0.1, 186.835
57.66366, 0.9050938, 0.1, 186.7701
57.68029, 0.897972, 0.1, 186.7041
57.69695, 0.897972, 0.1, 186.7041
57.71382, 0.8906223, 0.1, 186.6374
57.7305, 0.8828861, 0.1, 186.5695
57.74748, 0.8751483, 0.1, 186.5007
57.7638, 0.8672214, 0.1, 186.4308
57.78065, 0.8591146, 0.1, 186.36
57.79779, 0.8591146, 0.1, 186.36
57.81393, 0.8508351, 0.1, 186.2883
57.83139, 0.8422291, 0.1, 186.2158
57.8474, 0.8336232, 0.1, 186.1422
57.86412, 0.8248687, 0.1, 186.0677
57.88089, 0.8157688, 0.1, 185.9924
57.89726, 0.8157688, 0.1, 185.9924
57.91383, 0.8069464, 0.1, 185.9161
57.93189, 0.7974572, 0.1, 185.839
57.94727, 0.7881838, 0.1, 185.7609
57.96521, 0.7788037, 0.1, 185.6821
57.98133, 0.7693247, 0.1, 185.6024
57.9974, 0.7693247, 0.1, 185.6024
58.0142, 0.75959, 0.1, 185.5219
58.03032, 0.7498455, 0.1, 185.4407
58.04723, 0.7401391, 0.1, 185.3585
58.064, 0.7302881, 0.1, 185.2756
58.08039, 0.7204353, 0.1, 185.192
58.09723, 0.7204353, 0.1, 185.192
58.11387, 0.7105666, 0.1, 185.1075
58.13147, 0.7004486, 0.1, 185.0223
58.14825, 0.6904677, 0.1, 184.9363
58.16475, 0.6802045, 0.1, 184.8497
58.18139, 0.6701752, 0.1, 184.7624
58.19697, 0.6701752, 0.1, 184.7624
58.21372, 0.6601239, 0.1, 184.6743
58.23074, 0.6500892, 0.1, 184.5857
58.24765, 0.6398552, 0.1, 184.4963
58.26347, 0.6298336, 0.1, 184.4063
58.28018, 0.6198134, 0.1, 184.3156
58.29734, 0.6198134, 0.1, 184.3156
58.31431, 0.6098151, 0.1, 184.2243
58.33084, 0.5998291, 0.1, 184.1325
58.34664, 0.5899071, 0.1, 184.04
58.36329, 0.5800088, 0.1, 183.9469
58.37992, 0.5800088, 0.1, 183.9469
58.39668, 0.5700797, 0.1, 183.8532
58.41322, 0.5601961, 0.1, 183.7589
58.42999, 0.5501786, 0.1, 183.6641
58.4467, 0.5404873, 0.1, 183.5688
58.46326, 0.530878, 0.1, 183.4729
58.47991, 0.530878, 0.1, 183.4729
58.4968, 0.5213041, 0.1, 183.3765
58.51352, 0.5118206, 0.1, 183.2796
58.53016, 0.5024135, 0.1, 183.1822
58.54683, 0.4926894, 0.1, 183.0844
58.56329, 0.483435, 0.1, 182.9859
58.57996, 0.483435, 0.1, 182.9859
58.59669, 0.4743212, 0.1, 182.8872
58.6131, 0.465271, 0.1, 182.787
58.62983, 0.4565767, 0.1, 182.6901
58.64661, 0.4476638, 0.1, 182.5901
58.66339, 0.4391021, 0.1, 182.4886
58.67998, 0.4391021, 0.1, 182.4886
58.69668, 0.4304287, 0.1, 182.3896
58.7134, 0.4213657, 0.1, 182.2869
58.73019, 0.4131908, 0.1, 182.1853
58.7467, 0.4044311, 0.1, 182.0825
58.76377, 0.3968311, 0.1, 181.9802
58.78067, 0.3882821, 0.1, 181.877
58.79704, 0.3882821, 0.1, 181.877
58.81329, 0.3804956, 0.1, 181.7746
58.83015, 0.3720866, 0.1, 181.6705
58.84682, 0.3658045, 0.1, 181.567
58.86322, 0.3576578, 0.1, 181.4622
58.88009, 0.3513483, 0.1, 181.3576
58.89672, 0.3513483, 0.1, 181.3576
58.91353, 0.3430289, 0.1, 181.2523
58.93003, 0.3356183, 0.1, 181.1461
58.94678, 0.3283989, 0.1, 181.0417
58.96336, 0.321667, 0.1, 180.9348
58.9799, 0.321667, 0.1, 180.9348
58.99664, 0.3136348, 0.1, 180.8285
59.01323, 0.3083154, 0.1, 180.7225
59.02999, 0.3224047, 0.1, 180.7099
59.04679, 0.338869, 0.1, 180.7001
59.06354, 0.3529525, 0.1, 180.6845
59.07997, 0.3529525, 0.1, 180.6845
59.09681, 0.3656703, 0.1, 180.6682
59.11354, 0.3772354, 0.1, 180.652
59.13016, 0.3875936, 0.1, 180.6368
59.14668, 0.3968521, 0.1, 180.6223
59.16443, 0.4050213, 0.1, 180.6089
59.18035, 0.4121527, 0.1, 180.5966
59.19693, 0.4121527, 0.1, 180.5966
59.21347, 0.4182488, 0.1, 180.5853
59.23004, 0.4233881, 0.1, 180.5755
59.24681, 0.4276839, 0.1, 180.5669
59.26355, 0.4309627, 0.1, 180.5596
59.28001, 0.4334587, 0.1, 180.5537
59.29674, 0.4334587, 0.1, 180.5537
59.31336, 0.4349619, 0.1, 180.5497
59.3303, 0.4353952, 0.1, 180.5463
59.34689, 0.4359049, 0.1, 180.5439
59.36366, 0.4362909, 0.1, 180.5419
59.37995, 0.4362909, 0.1, 180.5419
59.39669, 0.4364951, 0.1, 180.5406
59.41357, 0.4366983, 0.1, 180.5395
59.43027, 0.4368314, 0.1, 180.5387
59.44675, 0.4368655, 0.1, 180.5383
59.46316, 0.4368722, 0.1, 180.5382
59.47995, 0.4368722, 0.1, 180.5382
59.49664, 0.4368675, 0.1, 180.5382
59.5133, 0.4368169, 0.1, 180.5385
59.53001, 0.4367454, 0.1, 180.5389
59.54806, 0.4366532, 0.1, 180.5394
59.56361, 0.4365466, 0.1, 180.5401
59.57999, 0.4365466, 0.1, 180.5401
59.59662, 0.4364668, 0.1, 180.5409
59.61359, 0.4364209, 0.1, 180.5416
59.63004, 0.4363589, 0.1, 180.5423
59.64672, 0.4362495, 0.1, 180.5432
59.66362, 0.4361098, 0.1, 180.5441
59.68003, 0.4360384, 0.1, 180.5449
59.69669, 0.4360384, 0.1, 180.5449
59.71343, 0.435912, 0.1, 180.5458
59.73011, 0.4358363, 0.1, 180.5467
59.74672, 0.43575, 0.1, 180.5473
59.76334, 0.4357111, 0.1, 180.5483
59.77995, 0.4357111, 0.1, 180.5483
59.7967, 0.4356266, 0.1, 180.549
59.81325, 0.435662, 0.1, 180.5496
59.82992, 0.4356702, 0.1, 180.5502
59.84655, 0.4356537, 0.1, 180.5506
59.86336, 0.4356661, 0.1, 180.5512
59.88004, 0.4356448, 0.1, 180.5517
59.89671, 0.4356448, 0.1, 180.5517
59.91504, 0.4356639, 0.1, 180.552
59.93055, 0.435632, 0.1, 180.5523
59.9467, 0.4357609, 0.1, 180.5523
59.96357, 0.4358689, 0.1, 180.5524
59.97991, 0.4358689, 0.1, 180.5524
59.99681, 0.4359258, 0.1, 180.5524
60.01325, 0.435983, 0.1, 180.5524
60.03003, 0.4361699, 0.1, 180.5522
60.04659, 0.4361017, 0.1, 180.5521
60.0634, 0.4362394, 0.1, 180.5519
60.08004, 0.4364381, 0.1, 180.5516
60.09679, 0.4364381, 0.1, 180.5516
60.11316, 0.4366071, 0.1, 180.5512
60.13021, 0.4367435, 0.1, 180.5509
60.14777, 0.4369342, 0.1, 180.5506
60.16373, 0.4370918, 0.1, 180.5502
60.17981, 0.4370918, 0.1, 180.5502
60.19649, 0.4371233, 0.1, 180.5498
60.213, 0.437265, 0.1, 180.5494
60.23022, 0.4373287, 0.1, 180.549
60.24662, 0.4374902, 0.1, 180.5486
